Workbook

Sheet 最新流水
A1: 序号 | B1: 期号 | C1: 原始记录 | D1: 命中金额 | E1: 亏损金额 | F1: 净额 | G1: 开奖时间 | H1: 实际特码 | I1: 实际生肖 | J1: 自动结果 | K1: 备注 | L1: 平码+5建议 | M1: 加5验算 | N1: 八肖建议 | O1: 八肖验算
A2: =IF($B2="","",1) | B2: =IFERROR(LARGE(智能流水!$B$2:$B$1001,1),"") | C2: =IF($B2="","",IFERROR(INDEX(智能流水!$C$2:$C$1001,MATCH($B2,智能流水!$B$2:$B$1001,0)),"")) | D2: =IF($B2="","",IFERROR(INDEX(智能流水!$D$2:$D$1001,MATCH($B2,智能流水!$B$2:$B$1001,0)),"")) | E2: =IF($B2="","",IFERROR(INDEX(智能流水!$E$2:$E$1001,MATCH($B2,智能流水!$B$2:$B$1001,0)),"")) | F2: =IF($B2="","",IFERROR(INDEX(智能流水!$F$2:$F$1001,MATCH($B2,智能流水!$B$2:$B$1001,0)),"")) | G2: =IF($B2="","",IFERROR(INDEX(智能流水!$G$2:$G$1001,MATCH($B2,智能流水!$B$2:$B$1001,0)),"")) | H2: =IF($B2="","",IFERROR(INDEX(智能流水!$H$2:$H$1001,MATCH($B2,智能流水!$B$2:$B$1001,0)),"")) | I2: =IF($B2="","",IFERROR(INDEX(智能流水!$I$2:$I$1001,MATCH($B2,智能流水!$B$2:$B$1001,0)),"")) | J2: =IF($B2="","",IFERROR(INDEX(智能流水!$J$2:$J$1001,MATCH($B2,智能流水!$B$2:$B$1001,0)),"")) | K2: =IF($B2="","",IFERROR(INDEX(智能流水!$K$2:$K$1001,MATCH($B2,智能流水!$B$2:$B$1001,0)),"")) | L2: =IF($B2="","",IFERROR(INDEX(智能流水!$L$2:$L$1001,MATCH($B2,智能流水!$B$2:$B$1001,0)),"")) | M2: =IF($B2="","",IFERROR(INDEX(智能流水!$M$2:$M$1001,MATCH($B2,智能流水!$B$2:$B$1001,0)),"")) | N2: =IF($B2="","",IFERROR(INDEX(智能流水!$N$2:$N$1001,MATCH($B2,智能流水!$B$2:$B$1001,0)),"")) | O2: =IF($B2="","",IFERROR(INDEX(智能流水!$O$2:$O$1001,MATCH($B2,智能流水!$B$2:$B$1001,0)),""))
A3: =IF($B3="","",2) | B3: =IFERROR(LARGE(智能流水!$B$2:$B$1001,2),"") | C3: =IF($B3="","",IFERROR(INDEX(智能流水!$C$2:$C$1001,MATCH($B3,智能流水!$B$2:$B$1001,0)),"")) | D3: =IF($B3="","",IFERROR(INDEX(智能流水!$D$2:$D$1001,MATCH($B3,智能流水!$B$2:$B$1001,0)),"")) | E3: =IF($B3="","",IFERROR(INDEX(智能流水!$E$2:$E$1001,MATCH($B3,智能流水!$B$2:$B$1001,0)),"")) | F3: =IF($B3="","",IFERROR(INDEX(智能流水!$F$2:$F$1001,MATCH($B3,智能流水!$B$2:$B$1001,0)),"")) | G3: =IF($B3="","",IFERROR(INDEX(智能流水!$G$2:$G$1001,MATCH($B3,智能流水!$B$2:$B$1001,0)),"")) | H3: =IF($B3="","",IFERROR(INDEX(智能流水!$H$2:$H$1001,MATCH($B3,智能流水!$B$2:$B$1001,0)),"")) | I3: =IF($B3="","",IFERROR(INDEX(智能流水!$I$2:$I$1001,MATCH($B3,智能流水!$B$2:$B$1001,0)),"")) | J3: =IF($B3="","",IFERROR(INDEX(智能流水!$J$2:$J$1001,MATCH($B3,智能流水!$B$2:$B$1001,0)),"")) | K3: =IF($B3="","",IFERROR(INDEX(智能流水!$K$2:$K$1001,MATCH($B3,智能流水!$B$2:$B$1001,0)),"")) | L3: =IF($B3="","",IFERROR(INDEX(智能流水!$L$2:$L$1001,MATCH($B3,智能流水!$B$2:$B$1001,0)),"")) | M3: =IF($B3="","",IFERROR(INDEX(智能流水!$M$2:$M$1001,MATCH($B3,智能流水!$B$2:$B$1001,0)),"")) | N3: =IF($B3="","",IFERROR(INDEX(智能流水!$N$2:$N$1001,MATCH($B3,智能流水!$B$2:$B$1001,0)),"")) | O3: =IF($B3="","",IFERROR(INDEX(智能流水!$O$2:$O$1001,MATCH($B3,智能流水!$B$2:$B$1001,0)),""))
A4: =IF($B4="","",3) | B4: =IFERROR(LARGE(智能流水!$B$2:$B$1001,3),"") | C4: =IF($B4="","",IFERROR(INDEX(智能流水!$C$2:$C$1001,MATCH($B4,智能流水!$B$2:$B$1001,0)),"")) | D4: =IF($B4="","",IFERROR(INDEX(智能流水!$D$2:$D$1001,MATCH($B4,智能流水!$B$2:$B$1001,0)),"")) | E4: =IF($B4="","",IFERROR(INDEX(智能流水!$E$2:$E$1001,MATCH($B4,智能流水!$B$2:$B$1001,0)),"")) | F4: =IF($B4="","",IFERROR(INDEX(智能流水!$F$2:$F$1001,MATCH($B4,智能流水!$B$2:$B$1001,0)),"")) | G4: =IF($B4="","",IFERROR(INDEX(智能流水!$G$2:$G$1001,MATCH($B4,智能流水!$B$2:$B$1001,0)),"")) | H4: =IF($B4="","",IFERROR(INDEX(智能流水!$H$2:$H$1001,MATCH($B4,智能流水!$B$2:$B$1001,0)),"")) | I4: =IF($B4="","",IFERROR(INDEX(智能流水!$I$2:$I$1001,MATCH($B4,智能流水!$B$2:$B$1001,0)),"")) | J4: =IF($B4="","",IFERROR(INDEX(智能流水!$J$2:$J$1001,MATCH($B4,智能流水!$B$2:$B$1001,0)),"")) | K4: =IF($B4="","",IFERROR(INDEX(智能流水!$K$2:$K$1001,MATCH($B4,智能流水!$B$2:$B$1001,0)),"")) | L4: =IF($B4="","",IFERROR(INDEX(智能流水!$L$2:$L$1001,MATCH($B4,智能流水!$B$2:$B$1001,0)),"")) | M4: =IF($B4="","",IFERROR(INDEX(智能流水!$M$2:$M$1001,MATCH($B4,智能流水!$B$2:$B$1001,0)),"")) | N4: =IF($B4="","",IFERROR(INDEX(智能流水!$N$2:$N$1001,MATCH($B4,智能流水!$B$2:$B$1001,0)),"")) | O4: =IF($B4="","",IFERROR(INDEX(智能流水!$O$2:$O$1001,MATCH($B4,智能流水!$B$2:$B$1001,0)),""))
A5: =IF($B5="","",4) | B5: =IFERROR(LARGE(智能流水!$B$2:$B$1001,4),"") | C5: =IF($B5="","",IFERROR(INDEX(智能流水!$C$2:$C$1001,MATCH($B5,智能流水!$B$2:$B$1001,0)),"")) | D5: =IF($B5="","",IFERROR(INDEX(智能流水!$D$2:$D$1001,MATCH($B5,智能流水!$B$2:$B$1001,0)),"")) | E5: =IF($B5="","",IFERROR(INDEX(智能流水!$E$2:$E$1001,MATCH($B5,智能流水!$B$2:$B$1001,0)),"")) | F5: =IF($B5="","",IFERROR(INDEX(智能流水!$F$2:$F$1001,MATCH($B5,智能流水!$B$2:$B$1001,0)),"")) | G5: =IF($B5="","",IFERROR(INDEX(智能流水!$G$2:$G$1001,MATCH($B5,智能流水!$B$2:$B$1001,0)),"")) | H5: =IF($B5="","",IFERROR(INDEX(智能流水!$H$2:$H$1001,MATCH($B5,智能流水!$B$2:$B$1001,0)),"")) | I5: =IF($B5="","",IFERROR(INDEX(智能流水!$I$2:$I$1001,MATCH($B5,智能流水!$B$2:$B$1001,0)),"")) | J5: =IF($B5="","",IFERROR(INDEX(智能流水!$J$2:$J$1001,MATCH($B5,智能流水!$B$2:$B$1001,0)),"")) | K5: =IF($B5="","",IFERROR(INDEX(智能流水!$K$2:$K$1001,MATCH($B5,智能流水!$B$2:$B$1001,0)),"")) | L5: =IF($B5="","",IFERROR(INDEX(智能流水!$L$2:$L$1001,MATCH($B5,智能流水!$B$2:$B$1001,0)),"")) | M5: =IF($B5="","",IFERROR(INDEX(智能流水!$M$2:$M$1001,MATCH($B5,智能流水!$B$2:$B$1001,0)),"")) | N5: =IF($B5="","",IFERROR(INDEX(智能流水!$N$2:$N$1001,MATCH($B5,智能流水!$B$2:$B$1001,0)),"")) | O5: =IF($B5="","",IFERROR(INDEX(智能流水!$O$2:$O$1001,MATCH($B5,智能流水!$B$2:$B$1001,0)),""))
A6: =IF($B6="","",5) | B6: =IFERROR(LARGE(智能流水!$B$2:$B$1001,5),"") | C6: =IF($B6="","",IFERROR(INDEX(智能流水!$C$2:$C$1001,MATCH($B6,智能流水!$B$2:$B$1001,0)),"")) | D6: =IF($B6="","",IFERROR(INDEX(智能流水!$D$2:$D$1001,MATCH($B6,智能流水!$B$2:$B$1001,0)),"")) | E6: =IF($B6="","",IFERROR(INDEX(智能流水!$E$2:$E$1001,MATCH($B6,智能流水!$B$2:$B$1001,0)),"")) | F6: =IF($B6="","",IFERROR(INDEX(智能流水!$F$2:$F$1001,MATCH($B6,智能流水!$B$2:$B$1001,0)),"")) | G6: =IF($B6="","",IFERROR(INDEX(智能流水!$G$2:$G$1001,MATCH($B6,智能流水!$B$2:$B$1001,0)),"")) | H6: =IF($B6="","",IFERROR(INDEX(智能流水!$H$2:$H$1001,MATCH($B6,智能流水!$B$2:$B$1001,0)),"")) | I6: =IF($B6="","",IFERROR(INDEX(智能流水!$I$2:$I$1001,MATCH($B6,智能流水!$B$2:$B$1001,0)),"")) | J6: =IF($B6="","",IFERROR(INDEX(智能流水!$J$2:$J$1001,MATCH($B6,智能流水!$B$2:$B$1001,0)),"")) | K6: =IF($B6="","",IFERROR(INDEX(智能流水!$K$2:$K$1001,MATCH($B6,智能流水!$B$2:$B$1001,0)),"")) | L6: =IF($B6="","",IFERROR(INDEX(智能流水!$L$2:$L$1001,MATCH($B6,智能流水!$B$2:$B$1001,0)),"")) | M6: =IF($B6="","",IFERROR(INDEX(智能流水!$M$2:$M$1001,MATCH($B6,智能流水!$B$2:$B$1001,0)),"")) | N6: =IF($B6="","",IFERROR(INDEX(智能流水!$N$2:$N$1001,MATCH($B6,智能流水!$B$2:$B$1001,0)),"")) | O6: =IF($B6="","",IFERROR(INDEX(智能流水!$O$2:$O$1001,MATCH($B6,智能流水!$B$2:$B$1001,0)),""))
A7: =IF($B7="","",6) | B7: =IFERROR(LARGE(智能流水!$B$2:$B$1001,6),"") | C7: =IF($B7="","",IFERROR(INDEX(智能流水!$C$2:$C$1001,MATCH($B7,智能流水!$B$2:$B$1001,0)),"")) | D7: =IF($B7="","",IFERROR(INDEX(智能流水!$D$2:$D$1001,MATCH($B7,智能流水!$B$2:$B$1001,0)),"")) | E7: =IF($B7="","",IFERROR(INDEX(智能流水!$E$2:$E$1001,MATCH($B7,智能流水!$B$2:$B$1001,0)),"")) | F7: =IF($B7="","",IFERROR(INDEX(智能流水!$F$2:$F$1001,MATCH($B7,智能流水!$B$2:$B$1001,0)),"")) | G7: =IF($B7="","",IFERROR(INDEX(智能流水!$G$2:$G$1001,MATCH($B7,智能流水!$B$2:$B$1001,0)),"")) | H7: =IF($B7="","",IFERROR(INDEX(智能流水!$H$2:$H$1001,MATCH($B7,智能流水!$B$2:$B$1001,0)),"")) | I7: =IF($B7="","",IFERROR(INDEX(智能流水!$I$2:$I$1001,MATCH($B7,智能流水!$B$2:$B$1001,0)),"")) | J7: =IF($B7="","",IFERROR(INDEX(智能流水!$J$2:$J$1001,MATCH($B7,智能流水!$B$2:$B$1001,0)),"")) | K7: =IF($B7="","",IFERROR(INDEX(智能流水!$K$2:$K$1001,MATCH($B7,智能流水!$B$2:$B$1001,0)),"")) | L7: =IF($B7="","",IFERROR(INDEX(智能流水!$L$2:$L$1001,MATCH($B7,智能流水!$B$2:$B$1001,0)),"")) | M7: =IF($B7="","",IFERROR(INDEX(智能流水!$M$2:$M$1001,MATCH($B7,智能流水!$B$2:$B$1001,0)),"")) | N7: =IF($B7="","",IFERROR(INDEX(智能流水!$N$2:$N$1001,MATCH($B7,智能流水!$B$2:$B$1001,0)),"")) | O7: =IF($B7="","",IFERROR(INDEX(智能流水!$O$2:$O$1001,MATCH($B7,智能流水!$B$2:$B$1001,0)),""))
A8: =IF($B8="","",7) | B8: =IFERROR(LARGE(智能流水!$B$2:$B$1001,7),"") | C8: =IF($B8="","",IFERROR(INDEX(智能流水!$C$2:$C$1001,MATCH($B8,智能流水!$B$2:$B$1001,0)),"")) | D8: =IF($B8="","",IFERROR(INDEX(智能流水!$D$2:$D$1001,MATCH($B8,智能流水!$B$2:$B$1001,0)),"")) | E8: =IF($B8="","",IFERROR(INDEX(智能流水!$E$2:$E$1001,MATCH($B8,智能流水!$B$2:$B$1001,0)),"")) | F8: =IF($B8="","",IFERROR(INDEX(智能流水!$F$2:$F$1001,MATCH($B8,智能流水!$B$2:$B$1001,0)),"")) | G8: =IF($B8="","",IFERROR(INDEX(智能流水!$G$2:$G$1001,MATCH($B8,智能流水!$B$2:$B$1001,0)),"")) | H8: =IF($B8="","",IFERROR(INDEX(智能流水!$H$2:$H$1001,MATCH($B8,智能流水!$B$2:$B$1001,0)),"")) | I8: =IF($B8="","",IFERROR(INDEX(智能流水!$I$2:$I$1001,MATCH($B8,智能流水!$B$2:$B$1001,0)),"")) | J8: =IF($B8="","",IFERROR(INDEX(智能流水!$J$2:$J$1001,MATCH($B8,智能流水!$B$2:$B$1001,0)),"")) | K8: =IF($B8="","",IFERROR(INDEX(智能流水!$K$2:$K$1001,MATCH($B8,智能流水!$B$2:$B$1001,0)),"")) | L8: =IF($B8="","",IFERROR(INDEX(智能流水!$L$2:$L$1001,MATCH($B8,智能流水!$B$2:$B$1001,0)),"")) | M8: =IF($B8="","",IFERROR(INDEX(智能流水!$M$2:$M$1001,MATCH($B8,智能流水!$B$2:$B$1001,0)),"")) | N8: =IF($B8="","",IFERROR(INDEX(智能流水!$N$2:$N$1001,MATCH($B8,智能流水!$B$2:$B$1001,0)),"")) | O8: =IF($B8="","",IFERROR(INDEX(智能流水!$O$2:$O$1001,MATCH($B8,智能流水!$B$2:$B$1001,0)),""))
A9: =IF($B9="","",8) | B9: =IFERROR(LARGE(智能流水!$B$2:$B$1001,8),"") | C9: =IF($B9="","",IFERROR(INDEX(智能流水!$C$2:$C$1001,MATCH($B9,智能流水!$B$2:$B$1001,0)),"")) | D9: =IF($B9="","",IFERROR(INDEX(智能流水!$D$2:$D$1001,MATCH($B9,智能流水!$B$2:$B$1001,0)),"")) | E9: =IF($B9="","",IFERROR(INDEX(智能流水!$E$2:$E$1001,MATCH($B9,智能流水!$B$2:$B$1001,0)),"")) | F9: =IF($B9="","",IFERROR(INDEX(智能流水!$F$2:$F$1001,MATCH($B9,智能流水!$B$2:$B$1001,0)),"")) | G9: =IF($B9="","",IFERROR(INDEX(智能流水!$G$2:$G$1001,MATCH($B9,智能流水!$B$2:$B$1001,0)),"")) | H9: =IF($B9="","",IFERROR(INDEX(智能流水!$H$2:$H$1001,MATCH($B9,智能流水!$B$2:$B$1001,0)),"")) | I9: =IF($B9="","",IFERROR(INDEX(智能流水!$I$2:$I$1001,MATCH($B9,智能流水!$B$2:$B$1001,0)),"")) | J9: =IF($B9="","",IFERROR(INDEX(智能流水!$J$2:$J$1001,MATCH($B9,智能流水!$B$2:$B$1001,0)),"")) | K9: =IF($B9="","",IFERROR(INDEX(智能流水!$K$2:$K$1001,MATCH($B9,智能流水!$B$2:$B$1001,0)),"")) | L9: =IF($B9="","",IFERROR(INDEX(智能流水!$L$2:$L$1001,MATCH($B9,智能流水!$B$2:$B$1001,0)),"")) | M9: =IF($B9="","",IFERROR(INDEX(智能流水!$M$2:$M$1001,MATCH($B9,智能流水!$B$2:$B$1001,0)),"")) | N9: =IF($B9="","",IFERROR(INDEX(智能流水!$N$2:$N$1001,MATCH($B9,智能流水!$B$2:$B$1001,0)),"")) | O9: =IF($B9="","",IFERROR(INDEX(智能流水!$O$2:$O$1001,MATCH($B9,智能流水!$B$2:$B$1001,0)),""))
A10: =IF($B10="","",9) | B10: =IFERROR(LARGE(智能流水!$B$2:$B$1001,9),"") | C10: =IF($B10="","",IFERROR(INDEX(智能流水!$C$2:$C$1001,MATCH($B10,智能流水!$B$2:$B$1001,0)),"")) | D10: =IF($B10="","",IFERROR(INDEX(智能流水!$D$2:$D$1001,MATCH($B10,智能流水!$B$2:$B$1001,0)),"")) | E10: =IF($B10="","",IFERROR(INDEX(智能流水!$E$2:$E$1001,MATCH($B10,智能流水!$B$2:$B$1001,0)),"")) | F10: =IF($B10="","",IFERROR(INDEX(智能流水!$F$2:$F$1001,MATCH($B10,智能流水!$B$2:$B$1001,0)),"")) | G10: =IF($B10="","",IFERROR(INDEX(智能流水!$G$2:$G$1001,MATCH($B10,智能流水!$B$2:$B$1001,0)),"")) | H10: =IF($B10="","",IFERROR(INDEX(智能流水!$H$2:$H$1001,MATCH($B10,智能流水!$B$2:$B$1001,0)),"")) | I10: =IF($B10="","",IFERROR(INDEX(智能流水!$I$2:$I$1001,MATCH($B10,智能流水!$B$2:$B$1001,0)),"")) | J10: =IF($B10="","",IFERROR(INDEX(智能流水!$J$2:$J$1001,MATCH($B10,智能流水!$B$2:$B$1001,0)),"")) | K10: =IF($B10="","",IFERROR(INDEX(智能流水!$K$2:$K$1001,MATCH($B10,智能流水!$B$2:$B$1001,0)),"")) | L10: =IF($B10="","",IFERROR(INDEX(智能流水!$L$2:$L$1001,MATCH($B10,智能流水!$B$2:$B$1001,0)),"")) | M10: =IF($B10="","",IFERROR(INDEX(智能流水!$M$2:$M$1001,MATCH($B10,智能流水!$B$2:$B$1001,0)),"")) | N10: =IF($B10="","",IFERROR(INDEX(智能流水!$N$2:$N$1001,MATCH($B10,智能流水!$B$2:$B$1001,0)),"")) | O10: =IF($B10="","",IFERROR(INDEX(智能流水!$O$2:$O$1001,MATCH($B10,智能流水!$B$2:$B$1001,0)),""))
A11: =IF($B11="","",10) | B11: =IFERROR(LARGE(智能流水!$B$2:$B$1001,10),"") | C11: =IF($B11="","",IFERROR(INDEX(智能流水!$C$2:$C$1001,MATCH($B11,智能流水!$B$2:$B$1001,0)),"")) | D11: =IF($B11="","",IFERROR(INDEX(智能流水!$D$2:$D$1001,MATCH($B11,智能流水!$B$2:$B$1001,0)),"")) | E11: =IF($B11="","",IFERROR(INDEX(智能流水!$E$2:$E$1001,MATCH($B11,智能流水!$B$2:$B$1001,0)),"")) | F11: =IF($B11="","",IFERROR(INDEX(智能流水!$F$2:$F$1001,MATCH($B11,智能流水!$B$2:$B$1001,0)),"")) | G11: =IF($B11="","",IFERROR(INDEX(智能流水!$G$2:$G$1001,MATCH($B11,智能流水!$B$2:$B$1001,0)),"")) | H11: =IF($B11="","",IFERROR(INDEX(智能流水!$H$2:$H$1001,MATCH($B11,智能流水!$B$2:$B$1001,0)),"")) | I11: =IF($B11="","",IFERROR(INDEX(智能流水!$I$2:$I$1001,MATCH($B11,智能流水!$B$2:$B$1001,0)),"")) | J11: =IF($B11="","",IFERROR(INDEX(智能流水!$J$2:$J$1001,MATCH($B11,智能流水!$B$2:$B$1001,0)),"")) | K11: =IF($B11="","",IFERROR(INDEX(智能流水!$K$2:$K$1001,MATCH($B11,智能流水!$B$2:$B$1001,0)),"")) | L11: =IF($B11="","",IFERROR(INDEX(智能流水!$L$2:$L$1001,MATCH($B11,智能流水!$B$2:$B$1001,0)),"")) | M11: =IF($B11="","",IFERROR(INDEX(智能流水!$M$2:$M$1001,MATCH($B11,智能流水!$B$2:$B$1001,0)),"")) | N11: =IF($B11="","",IFERROR(INDEX(智能流水!$N$2:$N$1001,MATCH($B11,智能流水!$B$2:$B$1001,0)),"")) | O11: =IF($B11="","",IFERROR(INDEX(智能流水!$O$2:$O$1001,MATCH($B11,智能流水!$B$2:$B$1001,0)),""))
A12: =IF($B12="","",11) | B12: =IFERROR(LARGE(智能流水!$B$2:$B$1001,11),"") | C12: =IF($B12="","",IFERROR(INDEX(智能流水!$C$2:$C$1001,MATCH($B12,智能流水!$B$2:$B$1001,0)),"")) | D12: =IF($B12="","",IFERROR(INDEX(智能流水!$D$2:$D$1001,MATCH($B12,智能流水!$B$2:$B$1001,0)),"")) | E12: =IF($B12="","",IFERROR(INDEX(智能流水!$E$2:$E$1001,MATCH($B12,智能流水!$B$2:$B$1001,0)),"")) | F12: =IF($B12="","",IFERROR(INDEX(智能流水!$F$2:$F$1001,MATCH($B12,智能流水!$B$2:$B$1001,0)),"")) | G12: =IF($B12="","",IFERROR(INDEX(智能流水!$G$2:$G$1001,MATCH($B12,智能流水!$B$2:$B$1001,0)),"")) | H12: =IF($B12="","",IFERROR(INDEX(智能流水!$H$2:$H$1001,MATCH($B12,智能流水!$B$2:$B$1001,0)),"")) | I12: =IF($B12="","",IFERROR(INDEX(智能流水!$I$2:$I$1001,MATCH($B12,智能流水!$B$2:$B$1001,0)),"")) | J12: =IF($B12="","",IFERROR(INDEX(智能流水!$J$2:$J$1001,MATCH($B12,智能流水!$B$2:$B$1001,0)),"")) | K12: =IF($B12="","",IFERROR(INDEX(智能流水!$K$2:$K$1001,MATCH($B12,智能流水!$B$2:$B$1001,0)),"")) | L12: =IF($B12="","",IFERROR(INDEX(智能流水!$L$2:$L$1001,MATCH($B12,智能流水!$B$2:$B$1001,0)),"")) | M12: =IF($B12="","",IFERROR(INDEX(智能流水!$M$2:$M$1001,MATCH($B12,智能流水!$B$2:$B$1001,0)),"")) | N12: =IF($B12="","",IFERROR(INDEX(智能流水!$N$2:$N$1001,MATCH($B12,智能流水!$B$2:$B$1001,0)),"")) | O12: =IF($B12="","",IFERROR(INDEX(智能流水!$O$2:$O$1001,MATCH($B12,智能流水!$B$2:$B$1001,0)),""))
A13: =IF($B13="","",12) | B13: =IFERROR(LARGE(智能流水!$B$2:$B$1001,12),"") | C13: =IF($B13="","",IFERROR(INDEX(智能流水!$C$2:$C$1001,MATCH($B13,智能流水!$B$2:$B$1001,0)),"")) | D13: =IF($B13="","",IFERROR(INDEX(智能流水!$D$2:$D$1001,MATCH($B13,智能流水!$B$2:$B$1001,0)),"")) | E13: =IF($B13="","",IFERROR(INDEX(智能流水!$E$2:$E$1001,MATCH($B13,智能流水!$B$2:$B$1001,0)),"")) | F13: =IF($B13="","",IFERROR(INDEX(智能流水!$F$2:$F$1001,MATCH($B13,智能流水!$B$2:$B$1001,0)),"")) | G13: =IF($B13="","",IFERROR(INDEX(智能流水!$G$2:$G$1001,MATCH($B13,智能流水!$B$2:$B$1001,0)),"")) | H13: =IF($B13="","",IFERROR(INDEX(智能流水!$H$2:$H$1001,MATCH($B13,智能流水!$B$2:$B$1001,0)),"")) | I13: =IF($B13="","",IFERROR(INDEX(智能流水!$I$2:$I$1001,MATCH($B13,智能流水!$B$2:$B$1001,0)),"")) | J13: =IF($B13="","",IFERROR(INDEX(智能流水!$J$2:$J$1001,MATCH($B13,智能流水!$B$2:$B$1001,0)),"")) | K13: =IF($B13="","",IFERROR(INDEX(智能流水!$K$2:$K$1001,MATCH($B13,智能流水!$B$2:$B$1001,0)),"")) | L13: =IF($B13="","",IFERROR(INDEX(智能流水!$L$2:$L$1001,MATCH($B13,智能流水!$B$2:$B$1001,0)),"")) | M13: =IF($B13="","",IFERROR(INDEX(智能流水!$M$2:$M$1001,MATCH($B13,智能流水!$B$2:$B$1001,0)),"")) | N13: =IF($B13="","",IFERROR(INDEX(智能流水!$N$2:$N$1001,MATCH($B13,智能流水!$B$2:$B$1001,0)),"")) | O13: =IF($B13="","",IFERROR(INDEX(智能流水!$O$2:$O$1001,MATCH($B13,智能流水!$B$2:$B$1001,0)),""))
A14: =IF($B14="","",13) | B14: =IFERROR(LARGE(智能流水!$B$2:$B$1001,13),"") | C14: =IF($B14="","",IFERROR(INDEX(智能流水!$C$2:$C$1001,MATCH($B14,智能流水!$B$2:$B$1001,0)),"")) | D14: =IF($B14="","",IFERROR(INDEX(智能流水!$D$2:$D$1001,MATCH($B14,智能流水!$B$2:$B$1001,0)),"")) | E14: =IF($B14="","",IFERROR(INDEX(智能流水!$E$2:$E$1001,MATCH($B14,智能流水!$B$2:$B$1001,0)),"")) | F14: =IF($B14="","",IFERROR(INDEX(智能流水!$F$2:$F$1001,MATCH($B14,智能流水!$B$2:$B$1001,0)),"")) | G14: =IF($B14="","",IFERROR(INDEX(智能流水!$G$2:$G$1001,MATCH($B14,智能流水!$B$2:$B$1001,0)),"")) | H14: =IF($B14="","",IFERROR(INDEX(智能流水!$H$2:$H$1001,MATCH($B14,智能流水!$B$2:$B$1001,0)),"")) | I14: =IF($B14="","",IFERROR(INDEX(智能流水!$I$2:$I$1001,MATCH($B14,智能流水!$B$2:$B$1001,0)),"")) | J14: =IF($B14="","",IFERROR(INDEX(智能流水!$J$2:$J$1001,MATCH($B14,智能流水!$B$2:$B$1001,0)),"")) | K14: =IF($B14="","",IFERROR(INDEX(智能流水!$K$2:$K$1001,MATCH($B14,智能流水!$B$2:$B$1001,0)),"")) | L14: =IF($B14="","",IFERROR(INDEX(智能流水!$L$2:$L$1001,MATCH($B14,智能流水!$B$2:$B$1001,0)),"")) | M14: =IF($B14="","",IFERROR(INDEX(智能流水!$M$2:$M$1001,MATCH($B14,智能流水!$B$2:$B$1001,0)),"")) | N14: =IF($B14="","",IFERROR(INDEX(智能流水!$N$2:$N$1001,MATCH($B14,智能流水!$B$2:$B$1001,0)),"")) | O14: =IF($B14="","",IFERROR(INDEX(智能流水!$O$2:$O$1001,MATCH($B14,智能流水!$B$2:$B$1001,0)),""))
A15: =IF($B15="","",14) | B15: =IFERROR(LARGE(智能流水!$B$2:$B$1001,14),"") | C15: =IF($B15="","",IFERROR(INDEX(智能流水!$C$2:$C$1001,MATCH($B15,智能流水!$B$2:$B$1001,0)),"")) | D15: =IF($B15="","",IFERROR(INDEX(智能流水!$D$2:$D$1001,MATCH($B15,智能流水!$B$2:$B$1001,0)),"")) | E15: =IF($B15="","",IFERROR(INDEX(智能流水!$E$2:$E$1001,MATCH($B15,智能流水!$B$2:$B$1001,0)),"")) | F15: =IF($B15="","",IFERROR(INDEX(智能流水!$F$2:$F$1001,MATCH($B15,智能流水!$B$2:$B$1001,0)),"")) | G15: =IF($B15="","",IFERROR(INDEX(智能流水!$G$2:$G$1001,MATCH($B15,智能流水!$B$2:$B$1001,0)),"")) | H15: =IF($B15="","",IFERROR(INDEX(智能流水!$H$2:$H$1001,MATCH($B15,智能流水!$B$2:$B$1001,0)),"")) | I15: =IF($B15="","",IFERROR(INDEX(智能流水!$I$2:$I$1001,MATCH($B15,智能流水!$B$2:$B$1001,0)),"")) | J15: =IF($B15="","",IFERROR(INDEX(智能流水!$J$2:$J$1001,MATCH($B15,智能流水!$B$2:$B$1001,0)),"")) | K15: =IF($B15="","",IFERROR(INDEX(智能流水!$K$2:$K$1001,MATCH($B15,智能流水!$B$2:$B$1001,0)),"")) | L15: =IF($B15="","",IFERROR(INDEX(智能流水!$L$2:$L$1001,MATCH($B15,智能流水!$B$2:$B$1001,0)),"")) | M15: =IF($B15="","",IFERROR(INDEX(智能流水!$M$2:$M$1001,MATCH($B15,智能流水!$B$2:$B$1001,0)),"")) | N15: =IF($B15="","",IFERROR(INDEX(智能流水!$N$2:$N$1001,MATCH($B15,智能流水!$B$2:$B$1001,0)),"")) | O15: =IF($B15="","",IFERROR(INDEX(智能流水!$O$2:$O$1001,MATCH($B15,智能流水!$B$2:$B$1001,0)),""))
A16: =IF($B16="","",15) | B16: =IFERROR(LARGE(智能流水!$B$2:$B$1001,15),"") | C16: =IF($B16="","",IFERROR(INDEX(智能流水!$C$2:$C$1001,MATCH($B16,智能流水!$B$2:$B$1001,0)),"")) | D16: =IF($B16="","",IFERROR(INDEX(智能流水!$D$2:$D$1001,MATCH($B16,智能流水!$B$2:$B$1001,0)),"")) | E16: =IF($B16="","",IFERROR(INDEX(智能流水!$E$2:$E$1001,MATCH($B16,智能流水!$B$2:$B$1001,0)),"")) | F16: =IF($B16="","",IFERROR(INDEX(智能流水!$F$2:$F$1001,MATCH($B16,智能流水!$B$2:$B$1001,0)),"")) | G16: =IF($B16="","",IFERROR(INDEX(智能流水!$G$2:$G$1001,MATCH($B16,智能流水!$B$2:$B$1001,0)),"")) | H16: =IF($B16="","",IFERROR(INDEX(智能流水!$H$2:$H$1001,MATCH($B16,智能流水!$B$2:$B$1001,0)),"")) | I16: =IF($B16="","",IFERROR(INDEX(智能流水!$I$2:$I$1001,MATCH($B16,智能流水!$B$2:$B$1001,0)),"")) | J16: =IF($B16="","",IFERROR(INDEX(智能流水!$J$2:$J$1001,MATCH($B16,智能流水!$B$2:$B$1001,0)),"")) | K16: =IF($B16="","",IFERROR(INDEX(智能流水!$K$2:$K$1001,MATCH($B16,智能流水!$B$2:$B$1001,0)),"")) | L16: =IF($B16="","",IFERROR(INDEX(智能流水!$L$2:$L$1001,MATCH($B16,智能流水!$B$2:$B$1001,0)),"")) | M16: =IF($B16="","",IFERROR(INDEX(智能流水!$M$2:$M$1001,MATCH($B16,智能流水!$B$2:$B$1001,0)),"")) | N16: =IF($B16="","",IFERROR(INDEX(智能流水!$N$2:$N$1001,MATCH($B16,智能流水!$B$2:$B$1001,0)),"")) | O16: =IF($B16="","",IFERROR(INDEX(智能流水!$O$2:$O$1001,MATCH($B16,智能流水!$B$2:$B$1001,0)),""))
A17: =IF($B17="","",16) | B17: =IFERROR(LARGE(智能流水!$B$2:$B$1001,16),"") | C17: =IF($B17="","",IFERROR(INDEX(智能流水!$C$2:$C$1001,MATCH($B17,智能流水!$B$2:$B$1001,0)),"")) | D17: =IF($B17="","",IFERROR(INDEX(智能流水!$D$2:$D$1001,MATCH($B17,智能流水!$B$2:$B$1001,0)),"")) | E17: =IF($B17="","",IFERROR(INDEX(智能流水!$E$2:$E$1001,MATCH($B17,智能流水!$B$2:$B$1001,0)),"")) | F17: =IF($B17="","",IFERROR(INDEX(智能流水!$F$2:$F$1001,MATCH($B17,智能流水!$B$2:$B$1001,0)),"")) | G17: =IF($B17="","",IFERROR(INDEX(智能流水!$G$2:$G$1001,MATCH($B17,智能流水!$B$2:$B$1001,0)),"")) | H17: =IF($B17="","",IFERROR(INDEX(智能流水!$H$2:$H$1001,MATCH($B17,智能流水!$B$2:$B$1001,0)),"")) | I17: =IF($B17="","",IFERROR(INDEX(智能流水!$I$2:$I$1001,MATCH($B17,智能流水!$B$2:$B$1001,0)),"")) | J17: =IF($B17="","",IFERROR(INDEX(智能流水!$J$2:$J$1001,MATCH($B17,智能流水!$B$2:$B$1001,0)),"")) | K17: =IF($B17="","",IFERROR(INDEX(智能流水!$K$2:$K$1001,MATCH($B17,智能流水!$B$2:$B$1001,0)),"")) | L17: =IF($B17="","",IFERROR(INDEX(智能流水!$L$2:$L$1001,MATCH($B17,智能流水!$B$2:$B$1001,0)),"")) | M17: =IF($B17="","",IFERROR(INDEX(智能流水!$M$2:$M$1001,MATCH($B17,智能流水!$B$2:$B$1001,0)),"")) | N17: =IF($B17="","",IFERROR(INDEX(智能流水!$N$2:$N$1001,MATCH($B17,智能流水!$B$2:$B$1001,0)),"")) | O17: =IF($B17="","",IFERROR(INDEX(智能流水!$O$2:$O$1001,MATCH($B17,智能流水!$B$2:$B$1001,0)),""))
A18: =IF($B18="","",17) | B18: =IFERROR(LARGE(智能流水!$B$2:$B$1001,17),"") | C18: =IF($B18="","",IFERROR(INDEX(智能流水!$C$2:$C$1001,MATCH($B18,智能流水!$B$2:$B$1001,0)),"")) | D18: =IF($B18="","",IFERROR(INDEX(智能流水!$D$2:$D$1001,MATCH($B18,智能流水!$B$2:$B$1001,0)),"")) | E18: =IF($B18="","",IFERROR(INDEX(智能流水!$E$2:$E$1001,MATCH($B18,智能流水!$B$2:$B$1001,0)),"")) | F18: =IF($B18="","",IFERROR(INDEX(智能流水!$F$2:$F$1001,MATCH($B18,智能流水!$B$2:$B$1001,0)),"")) | G18: =IF($B18="","",IFERROR(INDEX(智能流水!$G$2:$G$1001,MATCH($B18,智能流水!$B$2:$B$1001,0)),"")) | H18: =IF($B18="","",IFERROR(INDEX(智能流水!$H$2:$H$1001,MATCH($B18,智能流水!$B$2:$B$1001,0)),"")) | I18: =IF($B18="","",IFERROR(INDEX(智能流水!$I$2:$I$1001,MATCH($B18,智能流水!$B$2:$B$1001,0)),"")) | J18: =IF($B18="","",IFERROR(INDEX(智能流水!$J$2:$J$1001,MATCH($B18,智能流水!$B$2:$B$1001,0)),"")) | K18: =IF($B18="","",IFERROR(INDEX(智能流水!$K$2:$K$1001,MATCH($B18,智能流水!$B$2:$B$1001,0)),"")) | L18: =IF($B18="","",IFERROR(INDEX(智能流水!$L$2:$L$1001,MATCH($B18,智能流水!$B$2:$B$1001,0)),"")) | M18: =IF($B18="","",IFERROR(INDEX(智能流水!$M$2:$M$1001,MATCH($B18,智能流水!$B$2:$B$1001,0)),"")) | N18: =IF($B18="","",IFERROR(INDEX(智能流水!$N$2:$N$1001,MATCH($B18,智能流水!$B$2:$B$1001,0)),"")) | O18: =IF($B18="","",IFERROR(INDEX(智能流水!$O$2:$O$1001,MATCH($B18,智能流水!$B$2:$B$1001,0)),""))
A19: =IF($B19="","",18) | B19: =IFERROR(LARGE(智能流水!$B$2:$B$1001,18),"") | C19: =IF($B19="","",IFERROR(INDEX(智能流水!$C$2:$C$1001,MATCH($B19,智能流水!$B$2:$B$1001,0)),"")) | D19: =IF($B19="","",IFERROR(INDEX(智能流水!$D$2:$D$1001,MATCH($B19,智能流水!$B$2:$B$1001,0)),"")) | E19: =IF($B19="","",IFERROR(INDEX(智能流水!$E$2:$E$1001,MATCH($B19,智能流水!$B$2:$B$1001,0)),"")) | F19: =IF($B19="","",IFERROR(INDEX(智能流水!$F$2:$F$1001,MATCH($B19,智能流水!$B$2:$B$1001,0)),"")) | G19: =IF($B19="","",IFERROR(INDEX(智能流水!$G$2:$G$1001,MATCH($B19,智能流水!$B$2:$B$1001,0)),"")) | H19: =IF($B19="","",IFERROR(INDEX(智能流水!$H$2:$H$1001,MATCH($B19,智能流水!$B$2:$B$1001,0)),"")) | I19: =IF($B19="","",IFERROR(INDEX(智能流水!$I$2:$I$1001,MATCH($B19,智能流水!$B$2:$B$1001,0)),"")) | J19: =IF($B19="","",IFERROR(INDEX(智能流水!$J$2:$J$1001,MATCH($B19,智能流水!$B$2:$B$1001,0)),"")) | K19: =IF($B19="","",IFERROR(INDEX(智能流水!$K$2:$K$1001,MATCH($B19,智能流水!$B$2:$B$1001,0)),"")) | L19: =IF($B19="","",IFERROR(INDEX(智能流水!$L$2:$L$1001,MATCH($B19,智能流水!$B$2:$B$1001,0)),"")) | M19: =IF($B19="","",IFERROR(INDEX(智能流水!$M$2:$M$1001,MATCH($B19,智能流水!$B$2:$B$1001,0)),"")) | N19: =IF($B19="","",IFERROR(INDEX(智能流水!$N$2:$N$1001,MATCH($B19,智能流水!$B$2:$B$1001,0)),"")) | O19: =IF($B19="","",IFERROR(INDEX(智能流水!$O$2:$O$1001,MATCH($B19,智能流水!$B$2:$B$1001,0)),""))
A20: =IF($B20="","",19) | B20: =IFERROR(LARGE(智能流水!$B$2:$B$1001,19),"") | C20: =IF($B20="","",IFERROR(INDEX(智能流水!$C$2:$C$1001,MATCH($B20,智能流水!$B$2:$B$1001,0)),"")) | D20: =IF($B20="","",IFERROR(INDEX(智能流水!$D$2:$D$1001,MATCH($B20,智能流水!$B$2:$B$1001,0)),"")) | E20: =IF($B20="","",IFERROR(INDEX(智能流水!$E$2:$E$1001,MATCH($B20,智能流水!$B$2:$B$1001,0)),"")) | F20: =IF($B20="","",IFERROR(INDEX(智能流水!$F$2:$F$1001,MATCH($B20,智能流水!$B$2:$B$1001,0)),"")) | G20: =IF($B20="","",IFERROR(INDEX(智能流水!$G$2:$G$1001,MATCH($B20,智能流水!$B$2:$B$1001,0)),"")) | H20: =IF($B20="","",IFERROR(INDEX(智能流水!$H$2:$H$1001,MATCH($B20,智能流水!$B$2:$B$1001,0)),"")) | I20: =IF($B20="","",IFERROR(INDEX(智能流水!$I$2:$I$1001,MATCH($B20,智能流水!$B$2:$B$1001,0)),"")) | J20: =IF($B20="","",IFERROR(INDEX(智能流水!$J$2:$J$1001,MATCH($B20,智能流水!$B$2:$B$1001,0)),"")) | K20: =IF($B20="","",IFERROR(INDEX(智能流水!$K$2:$K$1001,MATCH($B20,智能流水!$B$2:$B$1001,0)),"")) | L20: =IF($B20="","",IFERROR(INDEX(智能流水!$L$2:$L$1001,MATCH($B20,智能流水!$B$2:$B$1001,0)),"")) | M20: =IF($B20="","",IFERROR(INDEX(智能流水!$M$2:$M$1001,MATCH($B20,智能流水!$B$2:$B$1001,0)),"")) | N20: =IF($B20="","",IFERROR(INDEX(智能流水!$N$2:$N$1001,MATCH($B20,智能流水!$B$2:$B$1001,0)),"")) | O20: =IF($B20="","",IFERROR(INDEX(智能流水!$O$2:$O$1001,MATCH($B20,智能流水!$B$2:$B$1001,0)),""))
A21: =IF($B21="","",20) | B21: =IFERROR(LARGE(智能流水!$B$2:$B$1001,20),"") | C21: =IF($B21="","",IFERROR(INDEX(智能流水!$C$2:$C$1001,MATCH($B21,智能流水!$B$2:$B$1001,0)),"")) | D21: =IF($B21="","",IFERROR(INDEX(智能流水!$D$2:$D$1001,MATCH($B21,智能流水!$B$2:$B$1001,0)),"")) | E21: =IF($B21="","",IFERROR(INDEX(智能流水!$E$2:$E$1001,MATCH($B21,智能流水!$B$2:$B$1001,0)),"")) | F21: =IF($B21="","",IFERROR(INDEX(智能流水!$F$2:$F$1001,MATCH($B21,智能流水!$B$2:$B$1001,0)),"")) | G21: =IF($B21="","",IFERROR(INDEX(智能流水!$G$2:$G$1001,MATCH($B21,智能流水!$B$2:$B$1001,0)),"")) | H21: =IF($B21="","",IFERROR(INDEX(智能流水!$H$2:$H$1001,MATCH($B21,智能流水!$B$2:$B$1001,0)),"")) | I21: =IF($B21="","",IFERROR(INDEX(智能流水!$I$2:$I$1001,MATCH($B21,智能流水!$B$2:$B$1001,0)),"")) | J21: =IF($B21="","",IFERROR(INDEX(智能流水!$J$2:$J$1001,MATCH($B21,智能流水!$B$2:$B$1001,0)),"")) | K21: =IF($B21="","",IFERROR(INDEX(智能流水!$K$2:$K$1001,MATCH($B21,智能流水!$B$2:$B$1001,0)),"")) | L21: =IF($B21="","",IFERROR(INDEX(智能流水!$L$2:$L$1001,MATCH($B21,智能流水!$B$2:$B$1001,0)),"")) | M21: =IF($B21="","",IFERROR(INDEX(智能流水!$M$2:$M$1001,MATCH($B21,智能流水!$B$2:$B$1001,0)),"")) | N21: =IF($B21="","",IFERROR(INDEX(智能流水!$N$2:$N$1001,MATCH($B21,智能流水!$B$2:$B$1001,0)),"")) | O21: =IF($B21="","",IFERROR(INDEX(智能流水!$O$2:$O$1001,MATCH($B21,智能流水!$B$2:$B$1001,0)),""))
A22: =IF($B22="","",21) | B22: =IFERROR(LARGE(智能流水!$B$2:$B$1001,21),"") | C22: =IF($B22="","",IFERROR(INDEX(智能流水!$C$2:$C$1001,MATCH($B22,智能流水!$B$2:$B$1001,0)),"")) | D22: =IF($B22="","",IFERROR(INDEX(智能流水!$D$2:$D$1001,MATCH($B22,智能流水!$B$2:$B$1001,0)),"")) | E22: =IF($B22="","",IFERROR(INDEX(智能流水!$E$2:$E$1001,MATCH($B22,智能流水!$B$2:$B$1001,0)),"")) | F22: =IF($B22="","",IFERROR(INDEX(智能流水!$F$2:$F$1001,MATCH($B22,智能流水!$B$2:$B$1001,0)),"")) | G22: =IF($B22="","",IFERROR(INDEX(智能流水!$G$2:$G$1001,MATCH($B22,智能流水!$B$2:$B$1001,0)),"")) | H22: =IF($B22="","",IFERROR(INDEX(智能流水!$H$2:$H$1001,MATCH($B22,智能流水!$B$2:$B$1001,0)),"")) | I22: =IF($B22="","",IFERROR(INDEX(智能流水!$I$2:$I$1001,MATCH($B22,智能流水!$B$2:$B$1001,0)),"")) | J22: =IF($B22="","",IFERROR(INDEX(智能流水!$J$2:$J$1001,MATCH($B22,智能流水!$B$2:$B$1001,0)),"")) | K22: =IF($B22="","",IFERROR(INDEX(智能流水!$K$2:$K$1001,MATCH($B22,智能流水!$B$2:$B$1001,0)),"")) | L22: =IF($B22="","",IFERROR(INDEX(智能流水!$L$2:$L$1001,MATCH($B22,智能流水!$B$2:$B$1001,0)),"")) | M22: =IF($B22="","",IFERROR(INDEX(智能流水!$M$2:$M$1001,MATCH($B22,智能流水!$B$2:$B$1001,0)),"")) | N22: =IF($B22="","",IFERROR(INDEX(智能流水!$N$2:$N$1001,MATCH($B22,智能流水!$B$2:$B$1001,0)),"")) | O22: =IF($B22="","",IFERROR(INDEX(智能流水!$O$2:$O$1001,MATCH($B22,智能流水!$B$2:$B$1001,0)),""))
A23: =IF($B23="","",22) | B23: =IFERROR(LARGE(智能流水!$B$2:$B$1001,22),"") | C23: =IF($B23="","",IFERROR(INDEX(智能流水!$C$2:$C$1001,MATCH($B23,智能流水!$B$2:$B$1001,0)),"")) | D23: =IF($B23="","",IFERROR(INDEX(智能流水!$D$2:$D$1001,MATCH($B23,智能流水!$B$2:$B$1001,0)),"")) | E23: =IF($B23="","",IFERROR(INDEX(智能流水!$E$2:$E$1001,MATCH($B23,智能流水!$B$2:$B$1001,0)),"")) | F23: =IF($B23="","",IFERROR(INDEX(智能流水!$F$2:$F$1001,MATCH($B23,智能流水!$B$2:$B$1001,0)),"")) | G23: =IF($B23="","",IFERROR(INDEX(智能流水!$G$2:$G$1001,MATCH($B23,智能流水!$B$2:$B$1001,0)),"")) | H23: =IF($B23="","",IFERROR(INDEX(智能流水!$H$2:$H$1001,MATCH($B23,智能流水!$B$2:$B$1001,0)),"")) | I23: =IF($B23="","",IFERROR(INDEX(智能流水!$I$2:$I$1001,MATCH($B23,智能流水!$B$2:$B$1001,0)),"")) | J23: =IF($B23="","",IFERROR(INDEX(智能流水!$J$2:$J$1001,MATCH($B23,智能流水!$B$2:$B$1001,0)),"")) | K23: =IF($B23="","",IFERROR(INDEX(智能流水!$K$2:$K$1001,MATCH($B23,智能流水!$B$2:$B$1001,0)),"")) | L23: =IF($B23="","",IFERROR(INDEX(智能流水!$L$2:$L$1001,MATCH($B23,智能流水!$B$2:$B$1001,0)),"")) | M23: =IF($B23="","",IFERROR(INDEX(智能流水!$M$2:$M$1001,MATCH($B23,智能流水!$B$2:$B$1001,0)),"")) | N23: =IF($B23="","",IFERROR(INDEX(智能流水!$N$2:$N$1001,MATCH($B23,智能流水!$B$2:$B$1001,0)),"")) | O23: =IF($B23="","",IFERROR(INDEX(智能流水!$O$2:$O$1001,MATCH($B23,智能流水!$B$2:$B$1001,0)),""))
A24: =IF($B24="","",23) | B24: =IFERROR(LARGE(智能流水!$B$2:$B$1001,23),"") | C24: =IF($B24="","",IFERROR(INDEX(智能流水!$C$2:$C$1001,MATCH($B24,智能流水!$B$2:$B$1001,0)),"")) | D24: =IF($B24="","",IFERROR(INDEX(智能流水!$D$2:$D$1001,MATCH($B24,智能流水!$B$2:$B$1001,0)),"")) | E24: =IF($B24="","",IFERROR(INDEX(智能流水!$E$2:$E$1001,MATCH($B24,智能流水!$B$2:$B$1001,0)),"")) | F24: =IF($B24="","",IFERROR(INDEX(智能流水!$F$2:$F$1001,MATCH($B24,智能流水!$B$2:$B$1001,0)),"")) | G24: =IF($B24="","",IFERROR(INDEX(智能流水!$G$2:$G$1001,MATCH($B24,智能流水!$B$2:$B$1001,0)),"")) | H24: =IF($B24="","",IFERROR(INDEX(智能流水!$H$2:$H$1001,MATCH($B24,智能流水!$B$2:$B$1001,0)),"")) | I24: =IF($B24="","",IFERROR(INDEX(智能流水!$I$2:$I$1001,MATCH($B24,智能流水!$B$2:$B$1001,0)),"")) | J24: =IF($B24="","",IFERROR(INDEX(智能流水!$J$2:$J$1001,MATCH($B24,智能流水!$B$2:$B$1001,0)),"")) | K24: =IF($B24="","",IFERROR(INDEX(智能流水!$K$2:$K$1001,MATCH($B24,智能流水!$B$2:$B$1001,0)),"")) | L24: =IF($B24="","",IFERROR(INDEX(智能流水!$L$2:$L$1001,MATCH($B24,智能流水!$B$2:$B$1001,0)),"")) | M24: =IF($B24="","",IFERROR(INDEX(智能流水!$M$2:$M$1001,MATCH($B24,智能流水!$B$2:$B$1001,0)),"")) | N24: =IF($B24="","",IFERROR(INDEX(智能流水!$N$2:$N$1001,MATCH($B24,智能流水!$B$2:$B$1001,0)),"")) | O24: =IF($B24="","",IFERROR(INDEX(智能流水!$O$2:$O$1001,MATCH($B24,智能流水!$B$2:$B$1001,0)),""))
A25: =IF($B25="","",24) | B25: =IFERROR(LARGE(智能流水!$B$2:$B$1001,24),"") | C25: =IF($B25="","",IFERROR(INDEX(智能流水!$C$2:$C$1001,MATCH($B25,智能流水!$B$2:$B$1001,0)),"")) | D25: =IF($B25="","",IFERROR(INDEX(智能流水!$D$2:$D$1001,MATCH($B25,智能流水!$B$2:$B$1001,0)),"")) | E25: =IF($B25="","",IFERROR(INDEX(智能流水!$E$2:$E$1001,MATCH($B25,智能流水!$B$2:$B$1001,0)),"")) | F25: =IF($B25="","",IFERROR(INDEX(智能流水!$F$2:$F$1001,MATCH($B25,智能流水!$B$2:$B$1001,0)),"")) | G25: =IF($B25="","",IFERROR(INDEX(智能流水!$G$2:$G$1001,MATCH($B25,智能流水!$B$2:$B$1001,0)),"")) | H25: =IF($B25="","",IFERROR(INDEX(智能流水!$H$2:$H$1001,MATCH($B25,智能流水!$B$2:$B$1001,0)),"")) | I25: =IF($B25="","",IFERROR(INDEX(智能流水!$I$2:$I$1001,MATCH($B25,智能流水!$B$2:$B$1001,0)),"")) | J25: =IF($B25="","",IFERROR(INDEX(智能流水!$J$2:$J$1001,MATCH($B25,智能流水!$B$2:$B$1001,0)),"")) | K25: =IF($B25="","",IFERROR(INDEX(智能流水!$K$2:$K$1001,MATCH($B25,智能流水!$B$2:$B$1001,0)),"")) | L25: =IF($B25="","",IFERROR(INDEX(智能流水!$L$2:$L$1001,MATCH($B25,智能流水!$B$2:$B$1001,0)),"")) | M25: =IF($B25="","",IFERROR(INDEX(智能流水!$M$2:$M$1001,MATCH($B25,智能流水!$B$2:$B$1001,0)),"")) | N25: =IF($B25="","",IFERROR(INDEX(智能流水!$N$2:$N$1001,MATCH($B25,智能流水!$B$2:$B$1001,0)),"")) | O25: =IF($B25="","",IFERROR(INDEX(智能流水!$O$2:$O$1001,MATCH($B25,智能流水!$B$2:$B$1001,0)),""))
A26: =IF($B26="","",25) | B26: =IFERROR(LARGE(智能流水!$B$2:$B$1001,25),"") | C26: =IF($B26="","",IFERROR(INDEX(智能流水!$C$2:$C$1001,MATCH($B26,智能流水!$B$2:$B$1001,0)),"")) | D26: =IF($B26="","",IFERROR(INDEX(智能流水!$D$2:$D$1001,MATCH($B26,智能流水!$B$2:$B$1001,0)),"")) | E26: =IF($B26="","",IFERROR(INDEX(智能流水!$E$2:$E$1001,MATCH($B26,智能流水!$B$2:$B$1001,0)),"")) | F26: =IF($B26="","",IFERROR(INDEX(智能流水!$F$2:$F$1001,MATCH($B26,智能流水!$B$2:$B$1001,0)),"")) | G26: =IF($B26="","",IFERROR(INDEX(智能流水!$G$2:$G$1001,MATCH($B26,智能流水!$B$2:$B$1001,0)),"")) | H26: =IF($B26="","",IFERROR(INDEX(智能流水!$H$2:$H$1001,MATCH($B26,智能流水!$B$2:$B$1001,0)),"")) | I26: =IF($B26="","",IFERROR(INDEX(智能流水!$I$2:$I$1001,MATCH($B26,智能流水!$B$2:$B$1001,0)),"")) | J26: =IF($B26="","",IFERROR(INDEX(智能流水!$J$2:$J$1001,MATCH($B26,智能流水!$B$2:$B$1001,0)),"")) | K26: =IF($B26="","",IFERROR(INDEX(智能流水!$K$2:$K$1001,MATCH($B26,智能流水!$B$2:$B$1001,0)),"")) | L26: =IF($B26="","",IFERROR(INDEX(智能流水!$L$2:$L$1001,MATCH($B26,智能流水!$B$2:$B$1001,0)),"")) | M26: =IF($B26="","",IFERROR(INDEX(智能流水!$M$2:$M$1001,MATCH($B26,智能流水!$B$2:$B$1001,0)),"")) | N26: =IF($B26="","",IFERROR(INDEX(智能流水!$N$2:$N$1001,MATCH($B26,智能流水!$B$2:$B$1001,0)),"")) | O26: =IF($B26="","",IFERROR(INDEX(智能流水!$O$2:$O$1001,MATCH($B26,智能流水!$B$2:$B$1001,0)),""))
A27: =IF($B27="","",26) | B27: =IFERROR(LARGE(智能流水!$B$2:$B$1001,26),"") | C27: =IF($B27="","",IFERROR(INDEX(智能流水!$C$2:$C$1001,MATCH($B27,智能流水!$B$2:$B$1001,0)),"")) | D27: =IF($B27="","",IFERROR(INDEX(智能流水!$D$2:$D$1001,MATCH($B27,智能流水!$B$2:$B$1001,0)),"")) | E27: =IF($B27="","",IFERROR(INDEX(智能流水!$E$2:$E$1001,MATCH($B27,智能流水!$B$2:$B$1001,0)),"")) | F27: =IF($B27="","",IFERROR(INDEX(智能流水!$F$2:$F$1001,MATCH($B27,智能流水!$B$2:$B$1001,0)),"")) | G27: =IF($B27="","",IFERROR(INDEX(智能流水!$G$2:$G$1001,MATCH($B27,智能流水!$B$2:$B$1001,0)),"")) | H27: =IF($B27="","",IFERROR(INDEX(智能流水!$H$2:$H$1001,MATCH($B27,智能流水!$B$2:$B$1001,0)),"")) | I27: =IF($B27="","",IFERROR(INDEX(智能流水!$I$2:$I$1001,MATCH($B27,智能流水!$B$2:$B$1001,0)),"")) | J27: =IF($B27="","",IFERROR(INDEX(智能流水!$J$2:$J$1001,MATCH($B27,智能流水!$B$2:$B$1001,0)),"")) | K27: =IF($B27="","",IFERROR(INDEX(智能流水!$K$2:$K$1001,MATCH($B27,智能流水!$B$2:$B$1001,0)),"")) | L27: =IF($B27="","",IFERROR(INDEX(智能流水!$L$2:$L$1001,MATCH($B27,智能流水!$B$2:$B$1001,0)),"")) | M27: =IF($B27="","",IFERROR(INDEX(智能流水!$M$2:$M$1001,MATCH($B27,智能流水!$B$2:$B$1001,0)),"")) | N27: =IF($B27="","",IFERROR(INDEX(智能流水!$N$2:$N$1001,MATCH($B27,智能流水!$B$2:$B$1001,0)),"")) | O27: =IF($B27="","",IFERROR(INDEX(智能流水!$O$2:$O$1001,MATCH($B27,智能流水!$B$2:$B$1001,0)),""))
A28: =IF($B28="","",27) | B28: =IFERROR(LARGE(智能流水!$B$2:$B$1001,27),"") | C28: =IF($B28="","",IFERROR(INDEX(智能流水!$C$2:$C$1001,MATCH($B28,智能流水!$B$2:$B$1001,0)),"")) | D28: =IF($B28="","",IFERROR(INDEX(智能流水!$D$2:$D$1001,MATCH($B28,智能流水!$B$2:$B$1001,0)),"")) | E28: =IF($B28="","",IFERROR(INDEX(智能流水!$E$2:$E$1001,MATCH($B28,智能流水!$B$2:$B$1001,0)),"")) | F28: =IF($B28="","",IFERROR(INDEX(智能流水!$F$2:$F$1001,MATCH($B28,智能流水!$B$2:$B$1001,0)),"")) | G28: =IF($B28="","",IFERROR(INDEX(智能流水!$G$2:$G$1001,MATCH($B28,智能流水!$B$2:$B$1001,0)),"")) | H28: =IF($B28="","",IFERROR(INDEX(智能流水!$H$2:$H$1001,MATCH($B28,智能流水!$B$2:$B$1001,0)),"")) | I28: =IF($B28="","",IFERROR(INDEX(智能流水!$I$2:$I$1001,MATCH($B28,智能流水!$B$2:$B$1001,0)),"")) | J28: =IF($B28="","",IFERROR(INDEX(智能流水!$J$2:$J$1001,MATCH($B28,智能流水!$B$2:$B$1001,0)),"")) | K28: =IF($B28="","",IFERROR(INDEX(智能流水!$K$2:$K$1001,MATCH($B28,智能流水!$B$2:$B$1001,0)),"")) | L28: =IF($B28="","",IFERROR(INDEX(智能流水!$L$2:$L$1001,MATCH($B28,智能流水!$B$2:$B$1001,0)),"")) | M28: =IF($B28="","",IFERROR(INDEX(智能流水!$M$2:$M$1001,MATCH($B28,智能流水!$B$2:$B$1001,0)),"")) | N28: =IF($B28="","",IFERROR(INDEX(智能流水!$N$2:$N$1001,MATCH($B28,智能流水!$B$2:$B$1001,0)),"")) | O28: =IF($B28="","",IFERROR(INDEX(智能流水!$O$2:$O$1001,MATCH($B28,智能流水!$B$2:$B$1001,0)),""))
A29: =IF($B29="","",28) | B29: =IFERROR(LARGE(智能流水!$B$2:$B$1001,28),"") | C29: =IF($B29="","",IFERROR(INDEX(智能流水!$C$2:$C$1001,MATCH($B29,智能流水!$B$2:$B$1001,0)),"")) | D29: =IF($B29="","",IFERROR(INDEX(智能流水!$D$2:$D$1001,MATCH($B29,智能流水!$B$2:$B$1001,0)),"")) | E29: =IF($B29="","",IFERROR(INDEX(智能流水!$E$2:$E$1001,MATCH($B29,智能流水!$B$2:$B$1001,0)),"")) | F29: =IF($B29="","",IFERROR(INDEX(智能流水!$F$2:$F$1001,MATCH($B29,智能流水!$B$2:$B$1001,0)),"")) | G29: =IF($B29="","",IFERROR(INDEX(智能流水!$G$2:$G$1001,MATCH($B29,智能流水!$B$2:$B$1001,0)),"")) | H29: =IF($B29="","",IFERROR(INDEX(智能流水!$H$2:$H$1001,MATCH($B29,智能流水!$B$2:$B$1001,0)),"")) | I29: =IF($B29="","",IFERROR(INDEX(智能流水!$I$2:$I$1001,MATCH($B29,智能流水!$B$2:$B$1001,0)),"")) | J29: =IF($B29="","",IFERROR(INDEX(智能流水!$J$2:$J$1001,MATCH($B29,智能流水!$B$2:$B$1001,0)),"")) | K29: =IF($B29="","",IFERROR(INDEX(智能流水!$K$2:$K$1001,MATCH($B29,智能流水!$B$2:$B$1001,0)),"")) | L29: =IF($B29="","",IFERROR(INDEX(智能流水!$L$2:$L$1001,MATCH($B29,智能流水!$B$2:$B$1001,0)),"")) | M29: =IF($B29="","",IFERROR(INDEX(智能流水!$M$2:$M$1001,MATCH($B29,智能流水!$B$2:$B$1001,0)),"")) | N29: =IF($B29="","",IFERROR(INDEX(智能流水!$N$2:$N$1001,MATCH($B29,智能流水!$B$2:$B$1001,0)),"")) | O29: =IF($B29="","",IFERROR(INDEX(智能流水!$O$2:$O$1001,MATCH($B29,智能流水!$B$2:$B$1001,0)),""))
A30: =IF($B30="","",29) | B30: =IFERROR(LARGE(智能流水!$B$2:$B$1001,29),"") | C30: =IF($B30="","",IFERROR(INDEX(智能流水!$C$2:$C$1001,MATCH($B30,智能流水!$B$2:$B$1001,0)),"")) | D30: =IF($B30="","",IFERROR(INDEX(智能流水!$D$2:$D$1001,MATCH($B30,智能流水!$B$2:$B$1001,0)),"")) | E30: =IF($B30="","",IFERROR(INDEX(智能流水!$E$2:$E$1001,MATCH($B30,智能流水!$B$2:$B$1001,0)),"")) | F30: =IF($B30="","",IFERROR(INDEX(智能流水!$F$2:$F$1001,MATCH($B30,智能流水!$B$2:$B$1001,0)),"")) | G30: =IF($B30="","",IFERROR(INDEX(智能流水!$G$2:$G$1001,MATCH($B30,智能流水!$B$2:$B$1001,0)),"")) | H30: =IF($B30="","",IFERROR(INDEX(智能流水!$H$2:$H$1001,MATCH($B30,智能流水!$B$2:$B$1001,0)),"")) | I30: =IF($B30="","",IFERROR(INDEX(智能流水!$I$2:$I$1001,MATCH($B30,智能流水!$B$2:$B$1001,0)),"")) | J30: =IF($B30="","",IFERROR(INDEX(智能流水!$J$2:$J$1001,MATCH($B30,智能流水!$B$2:$B$1001,0)),"")) | K30: =IF($B30="","",IFERROR(INDEX(智能流水!$K$2:$K$1001,MATCH($B30,智能流水!$B$2:$B$1001,0)),"")) | L30: =IF($B30="","",IFERROR(INDEX(智能流水!$L$2:$L$1001,MATCH($B30,智能流水!$B$2:$B$1001,0)),"")) | M30: =IF($B30="","",IFERROR(INDEX(智能流水!$M$2:$M$1001,MATCH($B30,智能流水!$B$2:$B$1001,0)),"")) | N30: =IF($B30="","",IFERROR(INDEX(智能流水!$N$2:$N$1001,MATCH($B30,智能流水!$B$2:$B$1001,0)),"")) | O30: =IF($B30="","",IFERROR(INDEX(智能流水!$O$2:$O$1001,MATCH($B30,智能流水!$B$2:$B$1001,0)),""))
A31: =IF($B31="","",30) | B31: =IFERROR(LARGE(智能流水!$B$2:$B$1001,30),"") | C31: =IF($B31="","",IFERROR(INDEX(智能流水!$C$2:$C$1001,MATCH($B31,智能流水!$B$2:$B$1001,0)),"")) | D31: =IF($B31="","",IFERROR(INDEX(智能流水!$D$2:$D$1001,MATCH($B31,智能流水!$B$2:$B$1001,0)),"")) | E31: =IF($B31="","",IFERROR(INDEX(智能流水!$E$2:$E$1001,MATCH($B31,智能流水!$B$2:$B$1001,0)),"")) | F31: =IF($B31="","",IFERROR(INDEX(智能流水!$F$2:$F$1001,MATCH($B31,智能流水!$B$2:$B$1001,0)),"")) | G31: =IF($B31="","",IFERROR(INDEX(智能流水!$G$2:$G$1001,MATCH($B31,智能流水!$B$2:$B$1001,0)),"")) | H31: =IF($B31="","",IFERROR(INDEX(智能流水!$H$2:$H$1001,MATCH($B31,智能流水!$B$2:$B$1001,0)),"")) | I31: =IF($B31="","",IFERROR(INDEX(智能流水!$I$2:$I$1001,MATCH($B31,智能流水!$B$2:$B$1001,0)),"")) | J31: =IF($B31="","",IFERROR(INDEX(智能流水!$J$2:$J$1001,MATCH($B31,智能流水!$B$2:$B$1001,0)),"")) | K31: =IF($B31="","",IFERROR(INDEX(智能流水!$K$2:$K$1001,MATCH($B31,智能流水!$B$2:$B$1001,0)),"")) | L31: =IF($B31="","",IFERROR(INDEX(智能流水!$L$2:$L$1001,MATCH($B31,智能流水!$B$2:$B$1001,0)),"")) | M31: =IF($B31="","",IFERROR(INDEX(智能流水!$M$2:$M$1001,MATCH($B31,智能流水!$B$2:$B$1001,0)),"")) | N31: =IF($B31="","",IFERROR(INDEX(智能流水!$N$2:$N$1001,MATCH($B31,智能流水!$B$2:$B$1001,0)),"")) | O31: =IF($B31="","",IFERROR(INDEX(智能流水!$O$2:$O$1001,MATCH($B31,智能流水!$B$2:$B$1001,0)),""))
A32: =IF($B32="","",31) | B32: =IFERROR(LARGE(智能流水!$B$2:$B$1001,31),"") | C32: =IF($B32="","",IFERROR(INDEX(智能流水!$C$2:$C$1001,MATCH($B32,智能流水!$B$2:$B$1001,0)),"")) | D32: =IF($B32="","",IFERROR(INDEX(智能流水!$D$2:$D$1001,MATCH($B32,智能流水!$B$2:$B$1001,0)),"")) | E32: =IF($B32="","",IFERROR(INDEX(智能流水!$E$2:$E$1001,MATCH($B32,智能流水!$B$2:$B$1001,0)),"")) | F32: =IF($B32="","",IFERROR(INDEX(智能流水!$F$2:$F$1001,MATCH($B32,智能流水!$B$2:$B$1001,0)),"")) | G32: =IF($B32="","",IFERROR(INDEX(智能流水!$G$2:$G$1001,MATCH($B32,智能流水!$B$2:$B$1001,0)),"")) | H32: =IF($B32="","",IFERROR(INDEX(智能流水!$H$2:$H$1001,MATCH($B32,智能流水!$B$2:$B$1001,0)),"")) | I32: =IF($B32="","",IFERROR(INDEX(智能流水!$I$2:$I$1001,MATCH($B32,智能流水!$B$2:$B$1001,0)),"")) | J32: =IF($B32="","",IFERROR(INDEX(智能流水!$J$2:$J$1001,MATCH($B32,智能流水!$B$2:$B$1001,0)),"")) | K32: =IF($B32="","",IFERROR(INDEX(智能流水!$K$2:$K$1001,MATCH($B32,智能流水!$B$2:$B$1001,0)),"")) | L32: =IF($B32="","",IFERROR(INDEX(智能流水!$L$2:$L$1001,MATCH($B32,智能流水!$B$2:$B$1001,0)),"")) | M32: =IF($B32="","",IFERROR(INDEX(智能流水!$M$2:$M$1001,MATCH($B32,智能流水!$B$2:$B$1001,0)),"")) | N32: =IF($B32="","",IFERROR(INDEX(智能流水!$N$2:$N$1001,MATCH($B32,智能流水!$B$2:$B$1001,0)),"")) | O32: =IF($B32="","",IFERROR(INDEX(智能流水!$O$2:$O$1001,MATCH($B32,智能流水!$B$2:$B$1001,0)),""))
A33: =IF($B33="","",32) | B33: =IFERROR(LARGE(智能流水!$B$2:$B$1001,32),"") | C33: =IF($B33="","",IFERROR(INDEX(智能流水!$C$2:$C$1001,MATCH($B33,智能流水!$B$2:$B$1001,0)),"")) | D33: =IF($B33="","",IFERROR(INDEX(智能流水!$D$2:$D$1001,MATCH($B33,智能流水!$B$2:$B$1001,0)),"")) | E33: =IF($B33="","",IFERROR(INDEX(智能流水!$E$2:$E$1001,MATCH($B33,智能流水!$B$2:$B$1001,0)),"")) | F33: =IF($B33="","",IFERROR(INDEX(智能流水!$F$2:$F$1001,MATCH($B33,智能流水!$B$2:$B$1001,0)),"")) | G33: =IF($B33="","",IFERROR(INDEX(智能流水!$G$2:$G$1001,MATCH($B33,智能流水!$B$2:$B$1001,0)),"")) | H33: =IF($B33="","",IFERROR(INDEX(智能流水!$H$2:$H$1001,MATCH($B33,智能流水!$B$2:$B$1001,0)),"")) | I33: =IF($B33="","",IFERROR(INDEX(智能流水!$I$2:$I$1001,MATCH($B33,智能流水!$B$2:$B$1001,0)),"")) | J33: =IF($B33="","",IFERROR(INDEX(智能流水!$J$2:$J$1001,MATCH($B33,智能流水!$B$2:$B$1001,0)),"")) | K33: =IF($B33="","",IFERROR(INDEX(智能流水!$K$2:$K$1001,MATCH($B33,智能流水!$B$2:$B$1001,0)),"")) | L33: =IF($B33="","",IFERROR(INDEX(智能流水!$L$2:$L$1001,MATCH($B33,智能流水!$B$2:$B$1001,0)),"")) | M33: =IF($B33="","",IFERROR(INDEX(智能流水!$M$2:$M$1001,MATCH($B33,智能流水!$B$2:$B$1001,0)),"")) | N33: =IF($B33="","",IFERROR(INDEX(智能流水!$N$2:$N$1001,MATCH($B33,智能流水!$B$2:$B$1001,0)),"")) | O33: =IF($B33="","",IFERROR(INDEX(智能流水!$O$2:$O$1001,MATCH($B33,智能流水!$B$2:$B$1001,0)),""))
A34: =IF($B34="","",33) | B34: =IFERROR(LARGE(智能流水!$B$2:$B$1001,33),"") | C34: =IF($B34="","",IFERROR(INDEX(智能流水!$C$2:$C$1001,MATCH($B34,智能流水!$B$2:$B$1001,0)),"")) | D34: =IF($B34="","",IFERROR(INDEX(智能流水!$D$2:$D$1001,MATCH($B34,智能流水!$B$2:$B$1001,0)),"")) | E34: =IF($B34="","",IFERROR(INDEX(智能流水!$E$2:$E$1001,MATCH($B34,智能流水!$B$2:$B$1001,0)),"")) | F34: =IF($B34="","",IFERROR(INDEX(智能流水!$F$2:$F$1001,MATCH($B34,智能流水!$B$2:$B$1001,0)),"")) | G34: =IF($B34="","",IFERROR(INDEX(智能流水!$G$2:$G$1001,MATCH($B34,智能流水!$B$2:$B$1001,0)),"")) | H34: =IF($B34="","",IFERROR(INDEX(智能流水!$H$2:$H$1001,MATCH($B34,智能流水!$B$2:$B$1001,0)),"")) | I34: =IF($B34="","",IFERROR(INDEX(智能流水!$I$2:$I$1001,MATCH($B34,智能流水!$B$2:$B$1001,0)),"")) | J34: =IF($B34="","",IFERROR(INDEX(智能流水!$J$2:$J$1001,MATCH($B34,智能流水!$B$2:$B$1001,0)),"")) | K34: =IF($B34="","",IFERROR(INDEX(智能流水!$K$2:$K$1001,MATCH($B34,智能流水!$B$2:$B$1001,0)),"")) | L34: =IF($B34="","",IFERROR(INDEX(智能流水!$L$2:$L$1001,MATCH($B34,智能流水!$B$2:$B$1001,0)),"")) | M34: =IF($B34="","",IFERROR(INDEX(智能流水!$M$2:$M$1001,MATCH($B34,智能流水!$B$2:$B$1001,0)),"")) | N34: =IF($B34="","",IFERROR(INDEX(智能流水!$N$2:$N$1001,MATCH($B34,智能流水!$B$2:$B$1001,0)),"")) | O34: =IF($B34="","",IFERROR(INDEX(智能流水!$O$2:$O$1001,MATCH($B34,智能流水!$B$2:$B$1001,0)),""))
A35: =IF($B35="","",34) | B35: =IFERROR(LARGE(智能流水!$B$2:$B$1001,34),"") | C35: =IF($B35="","",IFERROR(INDEX(智能流水!$C$2:$C$1001,MATCH($B35,智能流水!$B$2:$B$1001,0)),"")) | D35: =IF($B35="","",IFERROR(INDEX(智能流水!$D$2:$D$1001,MATCH($B35,智能流水!$B$2:$B$1001,0)),"")) | E35: =IF($B35="","",IFERROR(INDEX(智能流水!$E$2:$E$1001,MATCH($B35,智能流水!$B$2:$B$1001,0)),"")) | F35: =IF($B35="","",IFERROR(INDEX(智能流水!$F$2:$F$1001,MATCH($B35,智能流水!$B$2:$B$1001,0)),"")) | G35: =IF($B35="","",IFERROR(INDEX(智能流水!$G$2:$G$1001,MATCH($B35,智能流水!$B$2:$B$1001,0)),"")) | H35: =IF($B35="","",IFERROR(INDEX(智能流水!$H$2:$H$1001,MATCH($B35,智能流水!$B$2:$B$1001,0)),"")) | I35: =IF($B35="","",IFERROR(INDEX(智能流水!$I$2:$I$1001,MATCH($B35,智能流水!$B$2:$B$1001,0)),"")) | J35: =IF($B35="","",IFERROR(INDEX(智能流水!$J$2:$J$1001,MATCH($B35,智能流水!$B$2:$B$1001,0)),"")) | K35: =IF($B35="","",IFERROR(INDEX(智能流水!$K$2:$K$1001,MATCH($B35,智能流水!$B$2:$B$1001,0)),"")) | L35: =IF($B35="","",IFERROR(INDEX(智能流水!$L$2:$L$1001,MATCH($B35,智能流水!$B$2:$B$1001,0)),"")) | M35: =IF($B35="","",IFERROR(INDEX(智能流水!$M$2:$M$1001,MATCH($B35,智能流水!$B$2:$B$1001,0)),"")) | N35: =IF($B35="","",IFERROR(INDEX(智能流水!$N$2:$N$1001,MATCH($B35,智能流水!$B$2:$B$1001,0)),"")) | O35: =IF($B35="","",IFERROR(INDEX(智能流水!$O$2:$O$1001,MATCH($B35,智能流水!$B$2:$B$1001,0)),""))
A36: =IF($B36="","",35) | B36: =IFERROR(LARGE(智能流水!$B$2:$B$1001,35),"") | C36: =IF($B36="","",IFERROR(INDEX(智能流水!$C$2:$C$1001,MATCH($B36,智能流水!$B$2:$B$1001,0)),"")) | D36: =IF($B36="","",IFERROR(INDEX(智能流水!$D$2:$D$1001,MATCH($B36,智能流水!$B$2:$B$1001,0)),"")) | E36: =IF($B36="","",IFERROR(INDEX(智能流水!$E$2:$E$1001,MATCH($B36,智能流水!$B$2:$B$1001,0)),"")) | F36: =IF($B36="","",IFERROR(INDEX(智能流水!$F$2:$F$1001,MATCH($B36,智能流水!$B$2:$B$1001,0)),"")) | G36: =IF($B36="","",IFERROR(INDEX(智能流水!$G$2:$G$1001,MATCH($B36,智能流水!$B$2:$B$1001,0)),"")) | H36: =IF($B36="","",IFERROR(INDEX(智能流水!$H$2:$H$1001,MATCH($B36,智能流水!$B$2:$B$1001,0)),"")) | I36: =IF($B36="","",IFERROR(INDEX(智能流水!$I$2:$I$1001,MATCH($B36,智能流水!$B$2:$B$1001,0)),"")) | J36: =IF($B36="","",IFERROR(INDEX(智能流水!$J$2:$J$1001,MATCH($B36,智能流水!$B$2:$B$1001,0)),"")) | K36: =IF($B36="","",IFERROR(INDEX(智能流水!$K$2:$K$1001,MATCH($B36,智能流水!$B$2:$B$1001,0)),"")) | L36: =IF($B36="","",IFERROR(INDEX(智能流水!$L$2:$L$1001,MATCH($B36,智能流水!$B$2:$B$1001,0)),"")) | M36: =IF($B36="","",IFERROR(INDEX(智能流水!$M$2:$M$1001,MATCH($B36,智能流水!$B$2:$B$1001,0)),"")) | N36: =IF($B36="","",IFERROR(INDEX(智能流水!$N$2:$N$1001,MATCH($B36,智能流水!$B$2:$B$1001,0)),"")) | O36: =IF($B36="","",IFERROR(INDEX(智能流水!$O$2:$O$1001,MATCH($B36,智能流水!$B$2:$B$1001,0)),""))
A37: =IF($B37="","",36) | B37: =IFERROR(LARGE(智能流水!$B$2:$B$1001,36),"") | C37: =IF($B37="","",IFERROR(INDEX(智能流水!$C$2:$C$1001,MATCH($B37,智能流水!$B$2:$B$1001,0)),"")) | D37: =IF($B37="","",IFERROR(INDEX(智能流水!$D$2:$D$1001,MATCH($B37,智能流水!$B$2:$B$1001,0)),"")) | E37: =IF($B37="","",IFERROR(INDEX(智能流水!$E$2:$E$1001,MATCH($B37,智能流水!$B$2:$B$1001,0)),"")) | F37: =IF($B37="","",IFERROR(INDEX(智能流水!$F$2:$F$1001,MATCH($B37,智能流水!$B$2:$B$1001,0)),"")) | G37: =IF($B37="","",IFERROR(INDEX(智能流水!$G$2:$G$1001,MATCH($B37,智能流水!$B$2:$B$1001,0)),"")) | H37: =IF($B37="","",IFERROR(INDEX(智能流水!$H$2:$H$1001,MATCH($B37,智能流水!$B$2:$B$1001,0)),"")) | I37: =IF($B37="","",IFERROR(INDEX(智能流水!$I$2:$I$1001,MATCH($B37,智能流水!$B$2:$B$1001,0)),"")) | J37: =IF($B37="","",IFERROR(INDEX(智能流水!$J$2:$J$1001,MATCH($B37,智能流水!$B$2:$B$1001,0)),"")) | K37: =IF($B37="","",IFERROR(INDEX(智能流水!$K$2:$K$1001,MATCH($B37,智能流水!$B$2:$B$1001,0)),"")) | L37: =IF($B37="","",IFERROR(INDEX(智能流水!$L$2:$L$1001,MATCH($B37,智能流水!$B$2:$B$1001,0)),"")) | M37: =IF($B37="","",IFERROR(INDEX(智能流水!$M$2:$M$1001,MATCH($B37,智能流水!$B$2:$B$1001,0)),"")) | N37: =IF($B37="","",IFERROR(INDEX(智能流水!$N$2:$N$1001,MATCH($B37,智能流水!$B$2:$B$1001,0)),"")) | O37: =IF($B37="","",IFERROR(INDEX(智能流水!$O$2:$O$1001,MATCH($B37,智能流水!$B$2:$B$1001,0)),""))
A38: =IF($B38="","",37) | B38: =IFERROR(LARGE(智能流水!$B$2:$B$1001,37),"") | C38: =IF($B38="","",IFERROR(INDEX(智能流水!$C$2:$C$1001,MATCH($B38,智能流水!$B$2:$B$1001,0)),"")) | D38: =IF($B38="","",IFERROR(INDEX(智能流水!$D$2:$D$1001,MATCH($B38,智能流水!$B$2:$B$1001,0)),"")) | E38: =IF($B38="","",IFERROR(INDEX(智能流水!$E$2:$E$1001,MATCH($B38,智能流水!$B$2:$B$1001,0)),"")) | F38: =IF($B38="","",IFERROR(INDEX(智能流水!$F$2:$F$1001,MATCH($B38,智能流水!$B$2:$B$1001,0)),"")) | G38: =IF($B38="","",IFERROR(INDEX(智能流水!$G$2:$G$1001,MATCH($B38,智能流水!$B$2:$B$1001,0)),"")) | H38: =IF($B38="","",IFERROR(INDEX(智能流水!$H$2:$H$1001,MATCH($B38,智能流水!$B$2:$B$1001,0)),"")) | I38: =IF($B38="","",IFERROR(INDEX(智能流水!$I$2:$I$1001,MATCH($B38,智能流水!$B$2:$B$1001,0)),"")) | J38: =IF($B38="","",IFERROR(INDEX(智能流水!$J$2:$J$1001,MATCH($B38,智能流水!$B$2:$B$1001,0)),"")) | K38: =IF($B38="","",IFERROR(INDEX(智能流水!$K$2:$K$1001,MATCH($B38,智能流水!$B$2:$B$1001,0)),"")) | L38: =IF($B38="","",IFERROR(INDEX(智能流水!$L$2:$L$1001,MATCH($B38,智能流水!$B$2:$B$1001,0)),"")) | M38: =IF($B38="","",IFERROR(INDEX(智能流水!$M$2:$M$1001,MATCH($B38,智能流水!$B$2:$B$1001,0)),"")) | N38: =IF($B38="","",IFERROR(INDEX(智能流水!$N$2:$N$1001,MATCH($B38,智能流水!$B$2:$B$1001,0)),"")) | O38: =IF($B38="","",IFERROR(INDEX(智能流水!$O$2:$O$1001,MATCH($B38,智能流水!$B$2:$B$1001,0)),""))
A39: =IF($B39="","",38) | B39: =IFERROR(LARGE(智能流水!$B$2:$B$1001,38),"") | C39: =IF($B39="","",IFERROR(INDEX(智能流水!$C$2:$C$1001,MATCH($B39,智能流水!$B$2:$B$1001,0)),"")) | D39: =IF($B39="","",IFERROR(INDEX(智能流水!$D$2:$D$1001,MATCH($B39,智能流水!$B$2:$B$1001,0)),"")) | E39: =IF($B39="","",IFERROR(INDEX(智能流水!$E$2:$E$1001,MATCH($B39,智能流水!$B$2:$B$1001,0)),"")) | F39: =IF($B39="","",IFERROR(INDEX(智能流水!$F$2:$F$1001,MATCH($B39,智能流水!$B$2:$B$1001,0)),"")) | G39: =IF($B39="","",IFERROR(INDEX(智能流水!$G$2:$G$1001,MATCH($B39,智能流水!$B$2:$B$1001,0)),"")) | H39: =IF($B39="","",IFERROR(INDEX(智能流水!$H$2:$H$1001,MATCH($B39,智能流水!$B$2:$B$1001,0)),"")) | I39: =IF($B39="","",IFERROR(INDEX(智能流水!$I$2:$I$1001,MATCH($B39,智能流水!$B$2:$B$1001,0)),"")) | J39: =IF($B39="","",IFERROR(INDEX(智能流水!$J$2:$J$1001,MATCH($B39,智能流水!$B$2:$B$1001,0)),"")) | K39: =IF($B39="","",IFERROR(INDEX(智能流水!$K$2:$K$1001,MATCH($B39,智能流水!$B$2:$B$1001,0)),"")) | L39: =IF($B39="","",IFERROR(INDEX(智能流水!$L$2:$L$1001,MATCH($B39,智能流水!$B$2:$B$1001,0)),"")) | M39: =IF($B39="","",IFERROR(INDEX(智能流水!$M$2:$M$1001,MATCH($B39,智能流水!$B$2:$B$1001,0)),"")) | N39: =IF($B39="","",IFERROR(INDEX(智能流水!$N$2:$N$1001,MATCH($B39,智能流水!$B$2:$B$1001,0)),"")) | O39: =IF($B39="","",IFERROR(INDEX(智能流水!$O$2:$O$1001,MATCH($B39,智能流水!$B$2:$B$1001,0)),""))
A40: =IF($B40="","",39) | B40: =IFERROR(LARGE(智能流水!$B$2:$B$1001,39),"") | C40: =IF($B40="","",IFERROR(INDEX(智能流水!$C$2:$C$1001,MATCH($B40,智能流水!$B$2:$B$1001,0)),"")) | D40: =IF($B40="","",IFERROR(INDEX(智能流水!$D$2:$D$1001,MATCH($B40,智能流水!$B$2:$B$1001,0)),"")) | E40: =IF($B40="","",IFERROR(INDEX(智能流水!$E$2:$E$1001,MATCH($B40,智能流水!$B$2:$B$1001,0)),"")) | F40: =IF($B40="","",IFERROR(INDEX(智能流水!$F$2:$F$1001,MATCH($B40,智能流水!$B$2:$B$1001,0)),"")) | G40: =IF($B40="","",IFERROR(INDEX(智能流水!$G$2:$G$1001,MATCH($B40,智能流水!$B$2:$B$1001,0)),"")) | H40: =IF($B40="","",IFERROR(INDEX(智能流水!$H$2:$H$1001,MATCH($B40,智能流水!$B$2:$B$1001,0)),"")) | I40: =IF($B40="","",IFERROR(INDEX(智能流水!$I$2:$I$1001,MATCH($B40,智能流水!$B$2:$B$1001,0)),"")) | J40: =IF($B40="","",IFERROR(INDEX(智能流水!$J$2:$J$1001,MATCH($B40,智能流水!$B$2:$B$1001,0)),"")) | K40: =IF($B40="","",IFERROR(INDEX(智能流水!$K$2:$K$1001,MATCH($B40,智能流水!$B$2:$B$1001,0)),"")) | L40: =IF($B40="","",IFERROR(INDEX(智能流水!$L$2:$L$1001,MATCH($B40,智能流水!$B$2:$B$1001,0)),"")) | M40: =IF($B40="","",IFERROR(INDEX(智能流水!$M$2:$M$1001,MATCH($B40,智能流水!$B$2:$B$1001,0)),"")) | N40: =IF($B40="","",IFERROR(INDEX(智能流水!$N$2:$N$1001,MATCH($B40,智能流水!$B$2:$B$1001,0)),"")) | O40: =IF($B40="","",IFERROR(INDEX(智能流水!$O$2:$O$1001,MATCH($B40,智能流水!$B$2:$B$1001,0)),""))
A41: =IF($B41="","",40) | B41: =IFERROR(LARGE(智能流水!$B$2:$B$1001,40),"") | C41: =IF($B41="","",IFERROR(INDEX(智能流水!$C$2:$C$1001,MATCH($B41,智能流水!$B$2:$B$1001,0)),"")) | D41: =IF($B41="","",IFERROR(INDEX(智能流水!$D$2:$D$1001,MATCH($B41,智能流水!$B$2:$B$1001,0)),"")) | E41: =IF($B41="","",IFERROR(INDEX(智能流水!$E$2:$E$1001,MATCH($B41,智能流水!$B$2:$B$1001,0)),"")) | F41: =IF($B41="","",IFERROR(INDEX(智能流水!$F$2:$F$1001,MATCH($B41,智能流水!$B$2:$B$1001,0)),"")) | G41: =IF($B41="","",IFERROR(INDEX(智能流水!$G$2:$G$1001,MATCH($B41,智能流水!$B$2:$B$1001,0)),"")) | H41: =IF($B41="","",IFERROR(INDEX(智能流水!$H$2:$H$1001,MATCH($B41,智能流水!$B$2:$B$1001,0)),"")) | I41: =IF($B41="","",IFERROR(INDEX(智能流水!$I$2:$I$1001,MATCH($B41,智能流水!$B$2:$B$1001,0)),"")) | J41: =IF($B41="","",IFERROR(INDEX(智能流水!$J$2:$J$1001,MATCH($B41,智能流水!$B$2:$B$1001,0)),"")) | K41: =IF($B41="","",IFERROR(INDEX(智能流水!$K$2:$K$1001,MATCH($B41,智能流水!$B$2:$B$1001,0)),"")) | L41: =IF($B41="","",IFERROR(INDEX(智能流水!$L$2:$L$1001,MATCH($B41,智能流水!$B$2:$B$1001,0)),"")) | M41: =IF($B41="","",IFERROR(INDEX(智能流水!$M$2:$M$1001,MATCH($B41,智能流水!$B$2:$B$1001,0)),"")) | N41: =IF($B41="","",IFERROR(INDEX(智能流水!$N$2:$N$1001,MATCH($B41,智能流水!$B$2:$B$1001,0)),"")) | O41: =IF($B41="","",IFERROR(INDEX(智能流水!$O$2:$O$1001,MATCH($B41,智能流水!$B$2:$B$1001,0)),""))
A42: =IF($B42="","",41) | B42: =IFERROR(LARGE(智能流水!$B$2:$B$1001,41),"") | C42: =IF($B42="","",IFERROR(INDEX(智能流水!$C$2:$C$1001,MATCH($B42,智能流水!$B$2:$B$1001,0)),"")) | D42: =IF($B42="","",IFERROR(INDEX(智能流水!$D$2:$D$1001,MATCH($B42,智能流水!$B$2:$B$1001,0)),"")) | E42: =IF($B42="","",IFERROR(INDEX(智能流水!$E$2:$E$1001,MATCH($B42,智能流水!$B$2:$B$1001,0)),"")) | F42: =IF($B42="","",IFERROR(INDEX(智能流水!$F$2:$F$1001,MATCH($B42,智能流水!$B$2:$B$1001,0)),"")) | G42: =IF($B42="","",IFERROR(INDEX(智能流水!$G$2:$G$1001,MATCH($B42,智能流水!$B$2:$B$1001,0)),"")) | H42: =IF($B42="","",IFERROR(INDEX(智能流水!$H$2:$H$1001,MATCH($B42,智能流水!$B$2:$B$1001,0)),"")) | I42: =IF($B42="","",IFERROR(INDEX(智能流水!$I$2:$I$1001,MATCH($B42,智能流水!$B$2:$B$1001,0)),"")) | J42: =IF($B42="","",IFERROR(INDEX(智能流水!$J$2:$J$1001,MATCH($B42,智能流水!$B$2:$B$1001,0)),"")) | K42: =IF($B42="","",IFERROR(INDEX(智能流水!$K$2:$K$1001,MATCH($B42,智能流水!$B$2:$B$1001,0)),"")) | L42: =IF($B42="","",IFERROR(INDEX(智能流水!$L$2:$L$1001,MATCH($B42,智能流水!$B$2:$B$1001,0)),"")) | M42: =IF($B42="","",IFERROR(INDEX(智能流水!$M$2:$M$1001,MATCH($B42,智能流水!$B$2:$B$1001,0)),"")) | N42: =IF($B42="","",IFERROR(INDEX(智能流水!$N$2:$N$1001,MATCH($B42,智能流水!$B$2:$B$1001,0)),"")) | O42: =IF($B42="","",IFERROR(INDEX(智能流水!$O$2:$O$1001,MATCH($B42,智能流水!$B$2:$B$1001,0)),""))
A43: =IF($B43="","",42) | B43: =IFERROR(LARGE(智能流水!$B$2:$B$1001,42),"") | C43: =IF($B43="","",IFERROR(INDEX(智能流水!$C$2:$C$1001,MATCH($B43,智能流水!$B$2:$B$1001,0)),"")) | D43: =IF($B43="","",IFERROR(INDEX(智能流水!$D$2:$D$1001,MATCH($B43,智能流水!$B$2:$B$1001,0)),"")) | E43: =IF($B43="","",IFERROR(INDEX(智能流水!$E$2:$E$1001,MATCH($B43,智能流水!$B$2:$B$1001,0)),"")) | F43: =IF($B43="","",IFERROR(INDEX(智能流水!$F$2:$F$1001,MATCH($B43,智能流水!$B$2:$B$1001,0)),"")) | G43: =IF($B43="","",IFERROR(INDEX(智能流水!$G$2:$G$1001,MATCH($B43,智能流水!$B$2:$B$1001,0)),"")) | H43: =IF($B43="","",IFERROR(INDEX(智能流水!$H$2:$H$1001,MATCH($B43,智能流水!$B$2:$B$1001,0)),"")) | I43: =IF($B43="","",IFERROR(INDEX(智能流水!$I$2:$I$1001,MATCH($B43,智能流水!$B$2:$B$1001,0)),"")) | J43: =IF($B43="","",IFERROR(INDEX(智能流水!$J$2:$J$1001,MATCH($B43,智能流水!$B$2:$B$1001,0)),"")) | K43: =IF($B43="","",IFERROR(INDEX(智能流水!$K$2:$K$1001,MATCH($B43,智能流水!$B$2:$B$1001,0)),"")) | L43: =IF($B43="","",IFERROR(INDEX(智能流水!$L$2:$L$1001,MATCH($B43,智能流水!$B$2:$B$1001,0)),"")) | M43: =IF($B43="","",IFERROR(INDEX(智能流水!$M$2:$M$1001,MATCH($B43,智能流水!$B$2:$B$1001,0)),"")) | N43: =IF($B43="","",IFERROR(INDEX(智能流水!$N$2:$N$1001,MATCH($B43,智能流水!$B$2:$B$1001,0)),"")) | O43: =IF($B43="","",IFERROR(INDEX(智能流水!$O$2:$O$1001,MATCH($B43,智能流水!$B$2:$B$1001,0)),""))
A44: =IF($B44="","",43) | B44: =IFERROR(LARGE(智能流水!$B$2:$B$1001,43),"") | C44: =IF($B44="","",IFERROR(INDEX(智能流水!$C$2:$C$1001,MATCH($B44,智能流水!$B$2:$B$1001,0)),"")) | D44: =IF($B44="","",IFERROR(INDEX(智能流水!$D$2:$D$1001,MATCH($B44,智能流水!$B$2:$B$1001,0)),"")) | E44: =IF($B44="","",IFERROR(INDEX(智能流水!$E$2:$E$1001,MATCH($B44,智能流水!$B$2:$B$1001,0)),"")) | F44: =IF($B44="","",IFERROR(INDEX(智能流水!$F$2:$F$1001,MATCH($B44,智能流水!$B$2:$B$1001,0)),"")) | G44: =IF($B44="","",IFERROR(INDEX(智能流水!$G$2:$G$1001,MATCH($B44,智能流水!$B$2:$B$1001,0)),"")) | H44: =IF($B44="","",IFERROR(INDEX(智能流水!$H$2:$H$1001,MATCH($B44,智能流水!$B$2:$B$1001,0)),"")) | I44: =IF($B44="","",IFERROR(INDEX(智能流水!$I$2:$I$1001,MATCH($B44,智能流水!$B$2:$B$1001,0)),"")) | J44: =IF($B44="","",IFERROR(INDEX(智能流水!$J$2:$J$1001,MATCH($B44,智能流水!$B$2:$B$1001,0)),"")) | K44: =IF($B44="","",IFERROR(INDEX(智能流水!$K$2:$K$1001,MATCH($B44,智能流水!$B$2:$B$1001,0)),"")) | L44: =IF($B44="","",IFERROR(INDEX(智能流水!$L$2:$L$1001,MATCH($B44,智能流水!$B$2:$B$1001,0)),"")) | M44: =IF($B44="","",IFERROR(INDEX(智能流水!$M$2:$M$1001,MATCH($B44,智能流水!$B$2:$B$1001,0)),"")) | N44: =IF($B44="","",IFERROR(INDEX(智能流水!$N$2:$N$1001,MATCH($B44,智能流水!$B$2:$B$1001,0)),"")) | O44: =IF($B44="","",IFERROR(INDEX(智能流水!$O$2:$O$1001,MATCH($B44,智能流水!$B$2:$B$1001,0)),""))
A45: =IF($B45="","",44) | B45: =IFERROR(LARGE(智能流水!$B$2:$B$1001,44),"") | C45: =IF($B45="","",IFERROR(INDEX(智能流水!$C$2:$C$1001,MATCH($B45,智能流水!$B$2:$B$1001,0)),"")) | D45: =IF($B45="","",IFERROR(INDEX(智能流水!$D$2:$D$1001,MATCH($B45,智能流水!$B$2:$B$1001,0)),"")) | E45: =IF($B45="","",IFERROR(INDEX(智能流水!$E$2:$E$1001,MATCH($B45,智能流水!$B$2:$B$1001,0)),"")) | F45: =IF($B45="","",IFERROR(INDEX(智能流水!$F$2:$F$1001,MATCH($B45,智能流水!$B$2:$B$1001,0)),"")) | G45: =IF($B45="","",IFERROR(INDEX(智能流水!$G$2:$G$1001,MATCH($B45,智能流水!$B$2:$B$1001,0)),"")) | H45: =IF($B45="","",IFERROR(INDEX(智能流水!$H$2:$H$1001,MATCH($B45,智能流水!$B$2:$B$1001,0)),"")) | I45: =IF($B45="","",IFERROR(INDEX(智能流水!$I$2:$I$1001,MATCH($B45,智能流水!$B$2:$B$1001,0)),"")) | J45: =IF($B45="","",IFERROR(INDEX(智能流水!$J$2:$J$1001,MATCH($B45,智能流水!$B$2:$B$1001,0)),"")) | K45: =IF($B45="","",IFERROR(INDEX(智能流水!$K$2:$K$1001,MATCH($B45,智能流水!$B$2:$B$1001,0)),"")) | L45: =IF($B45="","",IFERROR(INDEX(智能流水!$L$2:$L$1001,MATCH($B45,智能流水!$B$2:$B$1001,0)),"")) | M45: =IF($B45="","",IFERROR(INDEX(智能流水!$M$2:$M$1001,MATCH($B45,智能流水!$B$2:$B$1001,0)),"")) | N45: =IF($B45="","",IFERROR(INDEX(智能流水!$N$2:$N$1001,MATCH($B45,智能流水!$B$2:$B$1001,0)),"")) | O45: =IF($B45="","",IFERROR(INDEX(智能流水!$O$2:$O$1001,MATCH($B45,智能流水!$B$2:$B$1001,0)),""))
A46: =IF($B46="","",45) | B46: =IFERROR(LARGE(智能流水!$B$2:$B$1001,45),"") | C46: =IF($B46="","",IFERROR(INDEX(智能流水!$C$2:$C$1001,MATCH($B46,智能流水!$B$2:$B$1001,0)),"")) | D46: =IF($B46="","",IFERROR(INDEX(智能流水!$D$2:$D$1001,MATCH($B46,智能流水!$B$2:$B$1001,0)),"")) | E46: =IF($B46="","",IFERROR(INDEX(智能流水!$E$2:$E$1001,MATCH($B46,智能流水!$B$2:$B$1001,0)),"")) | F46: =IF($B46="","",IFERROR(INDEX(智能流水!$F$2:$F$1001,MATCH($B46,智能流水!$B$2:$B$1001,0)),"")) | G46: =IF($B46="","",IFERROR(INDEX(智能流水!$G$2:$G$1001,MATCH($B46,智能流水!$B$2:$B$1001,0)),"")) | H46: =IF($B46="","",IFERROR(INDEX(智能流水!$H$2:$H$1001,MATCH($B46,智能流水!$B$2:$B$1001,0)),"")) | I46: =IF($B46="","",IFERROR(INDEX(智能流水!$I$2:$I$1001,MATCH($B46,智能流水!$B$2:$B$1001,0)),"")) | J46: =IF($B46="","",IFERROR(INDEX(智能流水!$J$2:$J$1001,MATCH($B46,智能流水!$B$2:$B$1001,0)),"")) | K46: =IF($B46="","",IFERROR(INDEX(智能流水!$K$2:$K$1001,MATCH($B46,智能流水!$B$2:$B$1001,0)),"")) | L46: =IF($B46="","",IFERROR(INDEX(智能流水!$L$2:$L$1001,MATCH($B46,智能流水!$B$2:$B$1001,0)),"")) | M46: =IF($B46="","",IFERROR(INDEX(智能流水!$M$2:$M$1001,MATCH($B46,智能流水!$B$2:$B$1001,0)),"")) | N46: =IF($B46="","",IFERROR(INDEX(智能流水!$N$2:$N$1001,MATCH($B46,智能流水!$B$2:$B$1001,0)),"")) | O46: =IF($B46="","",IFERROR(INDEX(智能流水!$O$2:$O$1001,MATCH($B46,智能流水!$B$2:$B$1001,0)),""))
A47: =IF($B47="","",46) | B47: =IFERROR(LARGE(智能流水!$B$2:$B$1001,46),"") | C47: =IF($B47="","",IFERROR(INDEX(智能流水!$C$2:$C$1001,MATCH($B47,智能流水!$B$2:$B$1001,0)),"")) | D47: =IF($B47="","",IFERROR(INDEX(智能流水!$D$2:$D$1001,MATCH($B47,智能流水!$B$2:$B$1001,0)),"")) | E47: =IF($B47="","",IFERROR(INDEX(智能流水!$E$2:$E$1001,MATCH($B47,智能流水!$B$2:$B$1001,0)),"")) | F47: =IF($B47="","",IFERROR(INDEX(智能流水!$F$2:$F$1001,MATCH($B47,智能流水!$B$2:$B$1001,0)),"")) | G47: =IF($B47="","",IFERROR(INDEX(智能流水!$G$2:$G$1001,MATCH($B47,智能流水!$B$2:$B$1001,0)),"")) | H47: =IF($B47="","",IFERROR(INDEX(智能流水!$H$2:$H$1001,MATCH($B47,智能流水!$B$2:$B$1001,0)),"")) | I47: =IF($B47="","",IFERROR(INDEX(智能流水!$I$2:$I$1001,MATCH($B47,智能流水!$B$2:$B$1001,0)),"")) | J47: =IF($B47="","",IFERROR(INDEX(智能流水!$J$2:$J$1001,MATCH($B47,智能流水!$B$2:$B$1001,0)),"")) | K47: =IF($B47="","",IFERROR(INDEX(智能流水!$K$2:$K$1001,MATCH($B47,智能流水!$B$2:$B$1001,0)),"")) | L47: =IF($B47="","",IFERROR(INDEX(智能流水!$L$2:$L$1001,MATCH($B47,智能流水!$B$2:$B$1001,0)),"")) | M47: =IF($B47="","",IFERROR(INDEX(智能流水!$M$2:$M$1001,MATCH($B47,智能流水!$B$2:$B$1001,0)),"")) | N47: =IF($B47="","",IFERROR(INDEX(智能流水!$N$2:$N$1001,MATCH($B47,智能流水!$B$2:$B$1001,0)),"")) | O47: =IF($B47="","",IFERROR(INDEX(智能流水!$O$2:$O$1001,MATCH($B47,智能流水!$B$2:$B$1001,0)),""))
A48: =IF($B48="","",47) | B48: =IFERROR(LARGE(智能流水!$B$2:$B$1001,47),"") | C48: =IF($B48="","",IFERROR(INDEX(智能流水!$C$2:$C$1001,MATCH($B48,智能流水!$B$2:$B$1001,0)),"")) | D48: =IF($B48="","",IFERROR(INDEX(智能流水!$D$2:$D$1001,MATCH($B48,智能流水!$B$2:$B$1001,0)),"")) | E48: =IF($B48="","",IFERROR(INDEX(智能流水!$E$2:$E$1001,MATCH($B48,智能流水!$B$2:$B$1001,0)),"")) | F48: =IF($B48="","",IFERROR(INDEX(智能流水!$F$2:$F$1001,MATCH($B48,智能流水!$B$2:$B$1001,0)),"")) | G48: =IF($B48="","",IFERROR(INDEX(智能流水!$G$2:$G$1001,MATCH($B48,智能流水!$B$2:$B$1001,0)),"")) | H48: =IF($B48="","",IFERROR(INDEX(智能流水!$H$2:$H$1001,MATCH($B48,智能流水!$B$2:$B$1001,0)),"")) | I48: =IF($B48="","",IFERROR(INDEX(智能流水!$I$2:$I$1001,MATCH($B48,智能流水!$B$2:$B$1001,0)),"")) | J48: =IF($B48="","",IFERROR(INDEX(智能流水!$J$2:$J$1001,MATCH($B48,智能流水!$B$2:$B$1001,0)),"")) | K48: =IF($B48="","",IFERROR(INDEX(智能流水!$K$2:$K$1001,MATCH($B48,智能流水!$B$2:$B$1001,0)),"")) | L48: =IF($B48="","",IFERROR(INDEX(智能流水!$L$2:$L$1001,MATCH($B48,智能流水!$B$2:$B$1001,0)),"")) | M48: =IF($B48="","",IFERROR(INDEX(智能流水!$M$2:$M$1001,MATCH($B48,智能流水!$B$2:$B$1001,0)),"")) | N48: =IF($B48="","",IFERROR(INDEX(智能流水!$N$2:$N$1001,MATCH($B48,智能流水!$B$2:$B$1001,0)),"")) | O48: =IF($B48="","",IFERROR(INDEX(智能流水!$O$2:$O$1001,MATCH($B48,智能流水!$B$2:$B$1001,0)),""))
A49: =IF($B49="","",48) | B49: =IFERROR(LARGE(智能流水!$B$2:$B$1001,48),"") | C49: =IF($B49="","",IFERROR(INDEX(智能流水!$C$2:$C$1001,MATCH($B49,智能流水!$B$2:$B$1001,0)),"")) | D49: =IF($B49="","",IFERROR(INDEX(智能流水!$D$2:$D$1001,MATCH($B49,智能流水!$B$2:$B$1001,0)),"")) | E49: =IF($B49="","",IFERROR(INDEX(智能流水!$E$2:$E$1001,MATCH($B49,智能流水!$B$2:$B$1001,0)),"")) | F49: =IF($B49="","",IFERROR(INDEX(智能流水!$F$2:$F$1001,MATCH($B49,智能流水!$B$2:$B$1001,0)),"")) | G49: =IF($B49="","",IFERROR(INDEX(智能流水!$G$2:$G$1001,MATCH($B49,智能流水!$B$2:$B$1001,0)),"")) | H49: =IF($B49="","",IFERROR(INDEX(智能流水!$H$2:$H$1001,MATCH($B49,智能流水!$B$2:$B$1001,0)),"")) | I49: =IF($B49="","",IFERROR(INDEX(智能流水!$I$2:$I$1001,MATCH($B49,智能流水!$B$2:$B$1001,0)),"")) | J49: =IF($B49="","",IFERROR(INDEX(智能流水!$J$2:$J$1001,MATCH($B49,智能流水!$B$2:$B$1001,0)),"")) | K49: =IF($B49="","",IFERROR(INDEX(智能流水!$K$2:$K$1001,MATCH($B49,智能流水!$B$2:$B$1001,0)),"")) | L49: =IF($B49="","",IFERROR(INDEX(智能流水!$L$2:$L$1001,MATCH($B49,智能流水!$B$2:$B$1001,0)),"")) | M49: =IF($B49="","",IFERROR(INDEX(智能流水!$M$2:$M$1001,MATCH($B49,智能流水!$B$2:$B$1001,0)),"")) | N49: =IF($B49="","",IFERROR(INDEX(智能流水!$N$2:$N$1001,MATCH($B49,智能流水!$B$2:$B$1001,0)),"")) | O49: =IF($B49="","",IFERROR(INDEX(智能流水!$O$2:$O$1001,MATCH($B49,智能流水!$B$2:$B$1001,0)),""))
A50: =IF($B50="","",49) | B50: =IFERROR(LARGE(智能流水!$B$2:$B$1001,49),"") | C50: =IF($B50="","",IFERROR(INDEX(智能流水!$C$2:$C$1001,MATCH($B50,智能流水!$B$2:$B$1001,0)),"")) | D50: =IF($B50="","",IFERROR(INDEX(智能流水!$D$2:$D$1001,MATCH($B50,智能流水!$B$2:$B$1001,0)),"")) | E50: =IF($B50="","",IFERROR(INDEX(智能流水!$E$2:$E$1001,MATCH($B50,智能流水!$B$2:$B$1001,0)),"")) | F50: =IF($B50="","",IFERROR(INDEX(智能流水!$F$2:$F$1001,MATCH($B50,智能流水!$B$2:$B$1001,0)),"")) | G50: =IF($B50="","",IFERROR(INDEX(智能流水!$G$2:$G$1001,MATCH($B50,智能流水!$B$2:$B$1001,0)),"")) | H50: =IF($B50="","",IFERROR(INDEX(智能流水!$H$2:$H$1001,MATCH($B50,智能流水!$B$2:$B$1001,0)),"")) | I50: =IF($B50="","",IFERROR(INDEX(智能流水!$I$2:$I$1001,MATCH($B50,智能流水!$B$2:$B$1001,0)),"")) | J50: =IF($B50="","",IFERROR(INDEX(智能流水!$J$2:$J$1001,MATCH($B50,智能流水!$B$2:$B$1001,0)),"")) | K50: =IF($B50="","",IFERROR(INDEX(智能流水!$K$2:$K$1001,MATCH($B50,智能流水!$B$2:$B$1001,0)),"")) | L50: =IF($B50="","",IFERROR(INDEX(智能流水!$L$2:$L$1001,MATCH($B50,智能流水!$B$2:$B$1001,0)),"")) | M50: =IF($B50="","",IFERROR(INDEX(智能流水!$M$2:$M$1001,MATCH($B50,智能流水!$B$2:$B$1001,0)),"")) | N50: =IF($B50="","",IFERROR(INDEX(智能流水!$N$2:$N$1001,MATCH($B50,智能流水!$B$2:$B$1001,0)),"")) | O50: =IF($B50="","",IFERROR(INDEX(智能流水!$O$2:$O$1001,MATCH($B50,智能流水!$B$2:$B$1001,0)),""))
A51: =IF($B51="","",50) | B51: =IFERROR(LARGE(智能流水!$B$2:$B$1001,50),"") | C51: =IF($B51="","",IFERROR(INDEX(智能流水!$C$2:$C$1001,MATCH($B51,智能流水!$B$2:$B$1001,0)),"")) | D51: =IF($B51="","",IFERROR(INDEX(智能流水!$D$2:$D$1001,MATCH($B51,智能流水!$B$2:$B$1001,0)),"")) | E51: =IF($B51="","",IFERROR(INDEX(智能流水!$E$2:$E$1001,MATCH($B51,智能流水!$B$2:$B$1001,0)),"")) | F51: =IF($B51="","",IFERROR(INDEX(智能流水!$F$2:$F$1001,MATCH($B51,智能流水!$B$2:$B$1001,0)),"")) | G51: =IF($B51="","",IFERROR(INDEX(智能流水!$G$2:$G$1001,MATCH($B51,智能流水!$B$2:$B$1001,0)),"")) | H51: =IF($B51="","",IFERROR(INDEX(智能流水!$H$2:$H$1001,MATCH($B51,智能流水!$B$2:$B$1001,0)),"")) | I51: =IF($B51="","",IFERROR(INDEX(智能流水!$I$2:$I$1001,MATCH($B51,智能流水!$B$2:$B$1001,0)),"")) | J51: =IF($B51="","",IFERROR(INDEX(智能流水!$J$2:$J$1001,MATCH($B51,智能流水!$B$2:$B$1001,0)),"")) | K51: =IF($B51="","",IFERROR(INDEX(智能流水!$K$2:$K$1001,MATCH($B51,智能流水!$B$2:$B$1001,0)),"")) | L51: =IF($B51="","",IFERROR(INDEX(智能流水!$L$2:$L$1001,MATCH($B51,智能流水!$B$2:$B$1001,0)),"")) | M51: =IF($B51="","",IFERROR(INDEX(智能流水!$M$2:$M$1001,MATCH($B51,智能流水!$B$2:$B$1001,0)),"")) | N51: =IF($B51="","",IFERROR(INDEX(智能流水!$N$2:$N$1001,MATCH($B51,智能流水!$B$2:$B$1001,0)),"")) | O51: =IF($B51="","",IFERROR(INDEX(智能流水!$O$2:$O$1001,MATCH($B51,智能流水!$B$2:$B$1001,0)),""))
A52: =IF($B52="","",51) | B52: =IFERROR(LARGE(智能流水!$B$2:$B$1001,51),"") | C52: =IF($B52="","",IFERROR(INDEX(智能流水!$C$2:$C$1001,MATCH($B52,智能流水!$B$2:$B$1001,0)),"")) | D52: =IF($B52="","",IFERROR(INDEX(智能流水!$D$2:$D$1001,MATCH($B52,智能流水!$B$2:$B$1001,0)),"")) | E52: =IF($B52="","",IFERROR(INDEX(智能流水!$E$2:$E$1001,MATCH($B52,智能流水!$B$2:$B$1001,0)),"")) | F52: =IF($B52="","",IFERROR(INDEX(智能流水!$F$2:$F$1001,MATCH($B52,智能流水!$B$2:$B$1001,0)),"")) | G52: =IF($B52="","",IFERROR(INDEX(智能流水!$G$2:$G$1001,MATCH($B52,智能流水!$B$2:$B$1001,0)),"")) | H52: =IF($B52="","",IFERROR(INDEX(智能流水!$H$2:$H$1001,MATCH($B52,智能流水!$B$2:$B$1001,0)),"")) | I52: =IF($B52="","",IFERROR(INDEX(智能流水!$I$2:$I$1001,MATCH($B52,智能流水!$B$2:$B$1001,0)),"")) | J52: =IF($B52="","",IFERROR(INDEX(智能流水!$J$2:$J$1001,MATCH($B52,智能流水!$B$2:$B$1001,0)),"")) | K52: =IF($B52="","",IFERROR(INDEX(智能流水!$K$2:$K$1001,MATCH($B52,智能流水!$B$2:$B$1001,0)),"")) | L52: =IF($B52="","",IFERROR(INDEX(智能流水!$L$2:$L$1001,MATCH($B52,智能流水!$B$2:$B$1001,0)),"")) | M52: =IF($B52="","",IFERROR(INDEX(智能流水!$M$2:$M$1001,MATCH($B52,智能流水!$B$2:$B$1001,0)),"")) | N52: =IF($B52="","",IFERROR(INDEX(智能流水!$N$2:$N$1001,MATCH($B52,智能流水!$B$2:$B$1001,0)),"")) | O52: =IF($B52="","",IFERROR(INDEX(智能流水!$O$2:$O$1001,MATCH($B52,智能流水!$B$2:$B$1001,0)),""))
A53: =IF($B53="","",52) | B53: =IFERROR(LARGE(智能流水!$B$2:$B$1001,52),"") | C53: =IF($B53="","",IFERROR(INDEX(智能流水!$C$2:$C$1001,MATCH($B53,智能流水!$B$2:$B$1001,0)),"")) | D53: =IF($B53="","",IFERROR(INDEX(智能流水!$D$2:$D$1001,MATCH($B53,智能流水!$B$2:$B$1001,0)),"")) | E53: =IF($B53="","",IFERROR(INDEX(智能流水!$E$2:$E$1001,MATCH($B53,智能流水!$B$2:$B$1001,0)),"")) | F53: =IF($B53="","",IFERROR(INDEX(智能流水!$F$2:$F$1001,MATCH($B53,智能流水!$B$2:$B$1001,0)),"")) | G53: =IF($B53="","",IFERROR(INDEX(智能流水!$G$2:$G$1001,MATCH($B53,智能流水!$B$2:$B$1001,0)),"")) | H53: =IF($B53="","",IFERROR(INDEX(智能流水!$H$2:$H$1001,MATCH($B53,智能流水!$B$2:$B$1001,0)),"")) | I53: =IF($B53="","",IFERROR(INDEX(智能流水!$I$2:$I$1001,MATCH($B53,智能流水!$B$2:$B$1001,0)),"")) | J53: =IF($B53="","",IFERROR(INDEX(智能流水!$J$2:$J$1001,MATCH($B53,智能流水!$B$2:$B$1001,0)),"")) | K53: =IF($B53="","",IFERROR(INDEX(智能流水!$K$2:$K$1001,MATCH($B53,智能流水!$B$2:$B$1001,0)),"")) | L53: =IF($B53="","",IFERROR(INDEX(智能流水!$L$2:$L$1001,MATCH($B53,智能流水!$B$2:$B$1001,0)),"")) | M53: =IF($B53="","",IFERROR(INDEX(智能流水!$M$2:$M$1001,MATCH($B53,智能流水!$B$2:$B$1001,0)),"")) | N53: =IF($B53="","",IFERROR(INDEX(智能流水!$N$2:$N$1001,MATCH($B53,智能流水!$B$2:$B$1001,0)),"")) | O53: =IF($B53="","",IFERROR(INDEX(智能流水!$O$2:$O$1001,MATCH($B53,智能流水!$B$2:$B$1001,0)),""))
A54: =IF($B54="","",53) | B54: =IFERROR(LARGE(智能流水!$B$2:$B$1001,53),"") | C54: =IF($B54="","",IFERROR(INDEX(智能流水!$C$2:$C$1001,MATCH($B54,智能流水!$B$2:$B$1001,0)),"")) | D54: =IF($B54="","",IFERROR(INDEX(智能流水!$D$2:$D$1001,MATCH($B54,智能流水!$B$2:$B$1001,0)),"")) | E54: =IF($B54="","",IFERROR(INDEX(智能流水!$E$2:$E$1001,MATCH($B54,智能流水!$B$2:$B$1001,0)),"")) | F54: =IF($B54="","",IFERROR(INDEX(智能流水!$F$2:$F$1001,MATCH($B54,智能流水!$B$2:$B$1001,0)),"")) | G54: =IF($B54="","",IFERROR(INDEX(智能流水!$G$2:$G$1001,MATCH($B54,智能流水!$B$2:$B$1001,0)),"")) | H54: =IF($B54="","",IFERROR(INDEX(智能流水!$H$2:$H$1001,MATCH($B54,智能流水!$B$2:$B$1001,0)),"")) | I54: =IF($B54="","",IFERROR(INDEX(智能流水!$I$2:$I$1001,MATCH($B54,智能流水!$B$2:$B$1001,0)),"")) | J54: =IF($B54="","",IFERROR(INDEX(智能流水!$J$2:$J$1001,MATCH($B54,智能流水!$B$2:$B$1001,0)),"")) | K54: =IF($B54="","",IFERROR(INDEX(智能流水!$K$2:$K$1001,MATCH($B54,智能流水!$B$2:$B$1001,0)),"")) | L54: =IF($B54="","",IFERROR(INDEX(智能流水!$L$2:$L$1001,MATCH($B54,智能流水!$B$2:$B$1001,0)),"")) | M54: =IF($B54="","",IFERROR(INDEX(智能流水!$M$2:$M$1001,MATCH($B54,智能流水!$B$2:$B$1001,0)),"")) | N54: =IF($B54="","",IFERROR(INDEX(智能流水!$N$2:$N$1001,MATCH($B54,智能流水!$B$2:$B$1001,0)),"")) | O54: =IF($B54="","",IFERROR(INDEX(智能流水!$O$2:$O$1001,MATCH($B54,智能流水!$B$2:$B$1001,0)),""))
A55: =IF($B55="","",54) | B55: =IFERROR(LARGE(智能流水!$B$2:$B$1001,54),"") | C55: =IF($B55="","",IFERROR(INDEX(智能流水!$C$2:$C$1001,MATCH($B55,智能流水!$B$2:$B$1001,0)),"")) | D55: =IF($B55="","",IFERROR(INDEX(智能流水!$D$2:$D$1001,MATCH($B55,智能流水!$B$2:$B$1001,0)),"")) | E55: =IF($B55="","",IFERROR(INDEX(智能流水!$E$2:$E$1001,MATCH($B55,智能流水!$B$2:$B$1001,0)),"")) | F55: =IF($B55="","",IFERROR(INDEX(智能流水!$F$2:$F$1001,MATCH($B55,智能流水!$B$2:$B$1001,0)),"")) | G55: =IF($B55="","",IFERROR(INDEX(智能流水!$G$2:$G$1001,MATCH($B55,智能流水!$B$2:$B$1001,0)),"")) | H55: =IF($B55="","",IFERROR(INDEX(智能流水!$H$2:$H$1001,MATCH($B55,智能流水!$B$2:$B$1001,0)),"")) | I55: =IF($B55="","",IFERROR(INDEX(智能流水!$I$2:$I$1001,MATCH($B55,智能流水!$B$2:$B$1001,0)),"")) | J55: =IF($B55="","",IFERROR(INDEX(智能流水!$J$2:$J$1001,MATCH($B55,智能流水!$B$2:$B$1001,0)),"")) | K55: =IF($B55="","",IFERROR(INDEX(智能流水!$K$2:$K$1001,MATCH($B55,智能流水!$B$2:$B$1001,0)),"")) | L55: =IF($B55="","",IFERROR(INDEX(智能流水!$L$2:$L$1001,MATCH($B55,智能流水!$B$2:$B$1001,0)),"")) | M55: =IF($B55="","",IFERROR(INDEX(智能流水!$M$2:$M$1001,MATCH($B55,智能流水!$B$2:$B$1001,0)),"")) | N55: =IF($B55="","",IFERROR(INDEX(智能流水!$N$2:$N$1001,MATCH($B55,智能流水!$B$2:$B$1001,0)),"")) | O55: =IF($B55="","",IFERROR(INDEX(智能流水!$O$2:$O$1001,MATCH($B55,智能流水!$B$2:$B$1001,0)),""))
A56: =IF($B56="","",55) | B56: =IFERROR(LARGE(智能流水!$B$2:$B$1001,55),"") | C56: =IF($B56="","",IFERROR(INDEX(智能流水!$C$2:$C$1001,MATCH($B56,智能流水!$B$2:$B$1001,0)),"")) | D56: =IF($B56="","",IFERROR(INDEX(智能流水!$D$2:$D$1001,MATCH($B56,智能流水!$B$2:$B$1001,0)),"")) | E56: =IF($B56="","",IFERROR(INDEX(智能流水!$E$2:$E$1001,MATCH($B56,智能流水!$B$2:$B$1001,0)),"")) | F56: =IF($B56="","",IFERROR(INDEX(智能流水!$F$2:$F$1001,MATCH($B56,智能流水!$B$2:$B$1001,0)),"")) | G56: =IF($B56="","",IFERROR(INDEX(智能流水!$G$2:$G$1001,MATCH($B56,智能流水!$B$2:$B$1001,0)),"")) | H56: =IF($B56="","",IFERROR(INDEX(智能流水!$H$2:$H$1001,MATCH($B56,智能流水!$B$2:$B$1001,0)),"")) | I56: =IF($B56="","",IFERROR(INDEX(智能流水!$I$2:$I$1001,MATCH($B56,智能流水!$B$2:$B$1001,0)),"")) | J56: =IF($B56="","",IFERROR(INDEX(智能流水!$J$2:$J$1001,MATCH($B56,智能流水!$B$2:$B$1001,0)),"")) | K56: =IF($B56="","",IFERROR(INDEX(智能流水!$K$2:$K$1001,MATCH($B56,智能流水!$B$2:$B$1001,0)),"")) | L56: =IF($B56="","",IFERROR(INDEX(智能流水!$L$2:$L$1001,MATCH($B56,智能流水!$B$2:$B$1001,0)),"")) | M56: =IF($B56="","",IFERROR(INDEX(智能流水!$M$2:$M$1001,MATCH($B56,智能流水!$B$2:$B$1001,0)),"")) | N56: =IF($B56="","",IFERROR(INDEX(智能流水!$N$2:$N$1001,MATCH($B56,智能流水!$B$2:$B$1001,0)),"")) | O56: =IF($B56="","",IFERROR(INDEX(智能流水!$O$2:$O$1001,MATCH($B56,智能流水!$B$2:$B$1001,0)),""))
A57: =IF($B57="","",56) | B57: =IFERROR(LARGE(智能流水!$B$2:$B$1001,56),"") | C57: =IF($B57="","",IFERROR(INDEX(智能流水!$C$2:$C$1001,MATCH($B57,智能流水!$B$2:$B$1001,0)),"")) | D57: =IF($B57="","",IFERROR(INDEX(智能流水!$D$2:$D$1001,MATCH($B57,智能流水!$B$2:$B$1001,0)),"")) | E57: =IF($B57="","",IFERROR(INDEX(智能流水!$E$2:$E$1001,MATCH($B57,智能流水!$B$2:$B$1001,0)),"")) | F57: =IF($B57="","",IFERROR(INDEX(智能流水!$F$2:$F$1001,MATCH($B57,智能流水!$B$2:$B$1001,0)),"")) | G57: =IF($B57="","",IFERROR(INDEX(智能流水!$G$2:$G$1001,MATCH($B57,智能流水!$B$2:$B$1001,0)),"")) | H57: =IF($B57="","",IFERROR(INDEX(智能流水!$H$2:$H$1001,MATCH($B57,智能流水!$B$2:$B$1001,0)),"")) | I57: =IF($B57="","",IFERROR(INDEX(智能流水!$I$2:$I$1001,MATCH($B57,智能流水!$B$2:$B$1001,0)),"")) | J57: =IF($B57="","",IFERROR(INDEX(智能流水!$J$2:$J$1001,MATCH($B57,智能流水!$B$2:$B$1001,0)),"")) | K57: =IF($B57="","",IFERROR(INDEX(智能流水!$K$2:$K$1001,MATCH($B57,智能流水!$B$2:$B$1001,0)),"")) | L57: =IF($B57="","",IFERROR(INDEX(智能流水!$L$2:$L$1001,MATCH($B57,智能流水!$B$2:$B$1001,0)),"")) | M57: =IF($B57="","",IFERROR(INDEX(智能流水!$M$2:$M$1001,MATCH($B57,智能流水!$B$2:$B$1001,0)),"")) | N57: =IF($B57="","",IFERROR(INDEX(智能流水!$N$2:$N$1001,MATCH($B57,智能流水!$B$2:$B$1001,0)),"")) | O57: =IF($B57="","",IFERROR(INDEX(智能流水!$O$2:$O$1001,MATCH($B57,智能流水!$B$2:$B$1001,0)),""))
A58: =IF($B58="","",57) | B58: =IFERROR(LARGE(智能流水!$B$2:$B$1001,57),"") | C58: =IF($B58="","",IFERROR(INDEX(智能流水!$C$2:$C$1001,MATCH($B58,智能流水!$B$2:$B$1001,0)),"")) | D58: =IF($B58="","",IFERROR(INDEX(智能流水!$D$2:$D$1001,MATCH($B58,智能流水!$B$2:$B$1001,0)),"")) | E58: =IF($B58="","",IFERROR(INDEX(智能流水!$E$2:$E$1001,MATCH($B58,智能流水!$B$2:$B$1001,0)),"")) | F58: =IF($B58="","",IFERROR(INDEX(智能流水!$F$2:$F$1001,MATCH($B58,智能流水!$B$2:$B$1001,0)),"")) | G58: =IF($B58="","",IFERROR(INDEX(智能流水!$G$2:$G$1001,MATCH($B58,智能流水!$B$2:$B$1001,0)),"")) | H58: =IF($B58="","",IFERROR(INDEX(智能流水!$H$2:$H$1001,MATCH($B58,智能流水!$B$2:$B$1001,0)),"")) | I58: =IF($B58="","",IFERROR(INDEX(智能流水!$I$2:$I$1001,MATCH($B58,智能流水!$B$2:$B$1001,0)),"")) | J58: =IF($B58="","",IFERROR(INDEX(智能流水!$J$2:$J$1001,MATCH($B58,智能流水!$B$2:$B$1001,0)),"")) | K58: =IF($B58="","",IFERROR(INDEX(智能流水!$K$2:$K$1001,MATCH($B58,智能流水!$B$2:$B$1001,0)),"")) | L58: =IF($B58="","",IFERROR(INDEX(智能流水!$L$2:$L$1001,MATCH($B58,智能流水!$B$2:$B$1001,0)),"")) | M58: =IF($B58="","",IFERROR(INDEX(智能流水!$M$2:$M$1001,MATCH($B58,智能流水!$B$2:$B$1001,0)),"")) | N58: =IF($B58="","",IFERROR(INDEX(智能流水!$N$2:$N$1001,MATCH($B58,智能流水!$B$2:$B$1001,0)),"")) | O58: =IF($B58="","",IFERROR(INDEX(智能流水!$O$2:$O$1001,MATCH($B58,智能流水!$B$2:$B$1001,0)),""))
A59: =IF($B59="","",58) | B59: =IFERROR(LARGE(智能流水!$B$2:$B$1001,58),"") | C59: =IF($B59="","",IFERROR(INDEX(智能流水!$C$2:$C$1001,MATCH($B59,智能流水!$B$2:$B$1001,0)),"")) | D59: =IF($B59="","",IFERROR(INDEX(智能流水!$D$2:$D$1001,MATCH($B59,智能流水!$B$2:$B$1001,0)),"")) | E59: =IF($B59="","",IFERROR(INDEX(智能流水!$E$2:$E$1001,MATCH($B59,智能流水!$B$2:$B$1001,0)),"")) | F59: =IF($B59="","",IFERROR(INDEX(智能流水!$F$2:$F$1001,MATCH($B59,智能流水!$B$2:$B$1001,0)),"")) | G59: =IF($B59="","",IFERROR(INDEX(智能流水!$G$2:$G$1001,MATCH($B59,智能流水!$B$2:$B$1001,0)),"")) | H59: =IF($B59="","",IFERROR(INDEX(智能流水!$H$2:$H$1001,MATCH($B59,智能流水!$B$2:$B$1001,0)),"")) | I59: =IF($B59="","",IFERROR(INDEX(智能流水!$I$2:$I$1001,MATCH($B59,智能流水!$B$2:$B$1001,0)),"")) | J59: =IF($B59="","",IFERROR(INDEX(智能流水!$J$2:$J$1001,MATCH($B59,智能流水!$B$2:$B$1001,0)),"")) | K59: =IF($B59="","",IFERROR(INDEX(智能流水!$K$2:$K$1001,MATCH($B59,智能流水!$B$2:$B$1001,0)),"")) | L59: =IF($B59="","",IFERROR(INDEX(智能流水!$L$2:$L$1001,MATCH($B59,智能流水!$B$2:$B$1001,0)),"")) | M59: =IF($B59="","",IFERROR(INDEX(智能流水!$M$2:$M$1001,MATCH($B59,智能流水!$B$2:$B$1001,0)),"")) | N59: =IF($B59="","",IFERROR(INDEX(智能流水!$N$2:$N$1001,MATCH($B59,智能流水!$B$2:$B$1001,0)),"")) | O59: =IF($B59="","",IFERROR(INDEX(智能流水!$O$2:$O$1001,MATCH($B59,智能流水!$B$2:$B$1001,0)),""))
A60: =IF($B60="","",59) | B60: =IFERROR(LARGE(智能流水!$B$2:$B$1001,59),"") | C60: =IF($B60="","",IFERROR(INDEX(智能流水!$C$2:$C$1001,MATCH($B60,智能流水!$B$2:$B$1001,0)),"")) | D60: =IF($B60="","",IFERROR(INDEX(智能流水!$D$2:$D$1001,MATCH($B60,智能流水!$B$2:$B$1001,0)),"")) | E60: =IF($B60="","",IFERROR(INDEX(智能流水!$E$2:$E$1001,MATCH($B60,智能流水!$B$2:$B$1001,0)),"")) | F60: =IF($B60="","",IFERROR(INDEX(智能流水!$F$2:$F$1001,MATCH($B60,智能流水!$B$2:$B$1001,0)),"")) | G60: =IF($B60="","",IFERROR(INDEX(智能流水!$G$2:$G$1001,MATCH($B60,智能流水!$B$2:$B$1001,0)),"")) | H60: =IF($B60="","",IFERROR(INDEX(智能流水!$H$2:$H$1001,MATCH($B60,智能流水!$B$2:$B$1001,0)),"")) | I60: =IF($B60="","",IFERROR(INDEX(智能流水!$I$2:$I$1001,MATCH($B60,智能流水!$B$2:$B$1001,0)),"")) | J60: =IF($B60="","",IFERROR(INDEX(智能流水!$J$2:$J$1001,MATCH($B60,智能流水!$B$2:$B$1001,0)),"")) | K60: =IF($B60="","",IFERROR(INDEX(智能流水!$K$2:$K$1001,MATCH($B60,智能流水!$B$2:$B$1001,0)),"")) | L60: =IF($B60="","",IFERROR(INDEX(智能流水!$L$2:$L$1001,MATCH($B60,智能流水!$B$2:$B$1001,0)),"")) | M60: =IF($B60="","",IFERROR(INDEX(智能流水!$M$2:$M$1001,MATCH($B60,智能流水!$B$2:$B$1001,0)),"")) | N60: =IF($B60="","",IFERROR(INDEX(智能流水!$N$2:$N$1001,MATCH($B60,智能流水!$B$2:$B$1001,0)),"")) | O60: =IF($B60="","",IFERROR(INDEX(智能流水!$O$2:$O$1001,MATCH($B60,智能流水!$B$2:$B$1001,0)),""))
A61: =IF($B61="","",60) | B61: =IFERROR(LARGE(智能流水!$B$2:$B$1001,60),"") | C61: =IF($B61="","",IFERROR(INDEX(智能流水!$C$2:$C$1001,MATCH($B61,智能流水!$B$2:$B$1001,0)),"")) | D61: =IF($B61="","",IFERROR(INDEX(智能流水!$D$2:$D$1001,MATCH($B61,智能流水!$B$2:$B$1001,0)),"")) | E61: =IF($B61="","",IFERROR(INDEX(智能流水!$E$2:$E$1001,MATCH($B61,智能流水!$B$2:$B$1001,0)),"")) | F61: =IF($B61="","",IFERROR(INDEX(智能流水!$F$2:$F$1001,MATCH($B61,智能流水!$B$2:$B$1001,0)),"")) | G61: =IF($B61="","",IFERROR(INDEX(智能流水!$G$2:$G$1001,MATCH($B61,智能流水!$B$2:$B$1001,0)),"")) | H61: =IF($B61="","",IFERROR(INDEX(智能流水!$H$2:$H$1001,MATCH($B61,智能流水!$B$2:$B$1001,0)),"")) | I61: =IF($B61="","",IFERROR(INDEX(智能流水!$I$2:$I$1001,MATCH($B61,智能流水!$B$2:$B$1001,0)),"")) | J61: =IF($B61="","",IFERROR(INDEX(智能流水!$J$2:$J$1001,MATCH($B61,智能流水!$B$2:$B$1001,0)),"")) | K61: =IF($B61="","",IFERROR(INDEX(智能流水!$K$2:$K$1001,MATCH($B61,智能流水!$B$2:$B$1001,0)),"")) | L61: =IF($B61="","",IFERROR(INDEX(智能流水!$L$2:$L$1001,MATCH($B61,智能流水!$B$2:$B$1001,0)),"")) | M61: =IF($B61="","",IFERROR(INDEX(智能流水!$M$2:$M$1001,MATCH($B61,智能流水!$B$2:$B$1001,0)),"")) | N61: =IF($B61="","",IFERROR(INDEX(智能流水!$N$2:$N$1001,MATCH($B61,智能流水!$B$2:$B$1001,0)),"")) | O61: =IF($B61="","",IFERROR(INDEX(智能流水!$O$2:$O$1001,MATCH($B61,智能流水!$B$2:$B$1001,0)),""))
A62: =IF($B62="","",61) | B62: =IFERROR(LARGE(智能流水!$B$2:$B$1001,61),"") | C62: =IF($B62="","",IFERROR(INDEX(智能流水!$C$2:$C$1001,MATCH($B62,智能流水!$B$2:$B$1001,0)),"")) | D62: =IF($B62="","",IFERROR(INDEX(智能流水!$D$2:$D$1001,MATCH($B62,智能流水!$B$2:$B$1001,0)),"")) | E62: =IF($B62="","",IFERROR(INDEX(智能流水!$E$2:$E$1001,MATCH($B62,智能流水!$B$2:$B$1001,0)),"")) | F62: =IF($B62="","",IFERROR(INDEX(智能流水!$F$2:$F$1001,MATCH($B62,智能流水!$B$2:$B$1001,0)),"")) | G62: =IF($B62="","",IFERROR(INDEX(智能流水!$G$2:$G$1001,MATCH($B62,智能流水!$B$2:$B$1001,0)),"")) | H62: =IF($B62="","",IFERROR(INDEX(智能流水!$H$2:$H$1001,MATCH($B62,智能流水!$B$2:$B$1001,0)),"")) | I62: =IF($B62="","",IFERROR(INDEX(智能流水!$I$2:$I$1001,MATCH($B62,智能流水!$B$2:$B$1001,0)),"")) | J62: =IF($B62="","",IFERROR(INDEX(智能流水!$J$2:$J$1001,MATCH($B62,智能流水!$B$2:$B$1001,0)),"")) | K62: =IF($B62="","",IFERROR(INDEX(智能流水!$K$2:$K$1001,MATCH($B62,智能流水!$B$2:$B$1001,0)),"")) | L62: =IF($B62="","",IFERROR(INDEX(智能流水!$L$2:$L$1001,MATCH($B62,智能流水!$B$2:$B$1001,0)),"")) | M62: =IF($B62="","",IFERROR(INDEX(智能流水!$M$2:$M$1001,MATCH($B62,智能流水!$B$2:$B$1001,0)),"")) | N62: =IF($B62="","",IFERROR(INDEX(智能流水!$N$2:$N$1001,MATCH($B62,智能流水!$B$2:$B$1001,0)),"")) | O62: =IF($B62="","",IFERROR(INDEX(智能流水!$O$2:$O$1001,MATCH($B62,智能流水!$B$2:$B$1001,0)),""))
A63: =IF($B63="","",62) | B63: =IFERROR(LARGE(智能流水!$B$2:$B$1001,62),"") | C63: =IF($B63="","",IFERROR(INDEX(智能流水!$C$2:$C$1001,MATCH($B63,智能流水!$B$2:$B$1001,0)),"")) | D63: =IF($B63="","",IFERROR(INDEX(智能流水!$D$2:$D$1001,MATCH($B63,智能流水!$B$2:$B$1001,0)),"")) | E63: =IF($B63="","",IFERROR(INDEX(智能流水!$E$2:$E$1001,MATCH($B63,智能流水!$B$2:$B$1001,0)),"")) | F63: =IF($B63="","",IFERROR(INDEX(智能流水!$F$2:$F$1001,MATCH($B63,智能流水!$B$2:$B$1001,0)),"")) | G63: =IF($B63="","",IFERROR(INDEX(智能流水!$G$2:$G$1001,MATCH($B63,智能流水!$B$2:$B$1001,0)),"")) | H63: =IF($B63="","",IFERROR(INDEX(智能流水!$H$2:$H$1001,MATCH($B63,智能流水!$B$2:$B$1001,0)),"")) | I63: =IF($B63="","",IFERROR(INDEX(智能流水!$I$2:$I$1001,MATCH($B63,智能流水!$B$2:$B$1001,0)),"")) | J63: =IF($B63="","",IFERROR(INDEX(智能流水!$J$2:$J$1001,MATCH($B63,智能流水!$B$2:$B$1001,0)),"")) | K63: =IF($B63="","",IFERROR(INDEX(智能流水!$K$2:$K$1001,MATCH($B63,智能流水!$B$2:$B$1001,0)),"")) | L63: =IF($B63="","",IFERROR(INDEX(智能流水!$L$2:$L$1001,MATCH($B63,智能流水!$B$2:$B$1001,0)),"")) | M63: =IF($B63="","",IFERROR(INDEX(智能流水!$M$2:$M$1001,MATCH($B63,智能流水!$B$2:$B$1001,0)),"")) | N63: =IF($B63="","",IFERROR(INDEX(智能流水!$N$2:$N$1001,MATCH($B63,智能流水!$B$2:$B$1001,0)),"")) | O63: =IF($B63="","",IFERROR(INDEX(智能流水!$O$2:$O$1001,MATCH($B63,智能流水!$B$2:$B$1001,0)),""))
A64: =IF($B64="","",63) | B64: =IFERROR(LARGE(智能流水!$B$2:$B$1001,63),"") | C64: =IF($B64="","",IFERROR(INDEX(智能流水!$C$2:$C$1001,MATCH($B64,智能流水!$B$2:$B$1001,0)),"")) | D64: =IF($B64="","",IFERROR(INDEX(智能流水!$D$2:$D$1001,MATCH($B64,智能流水!$B$2:$B$1001,0)),"")) | E64: =IF($B64="","",IFERROR(INDEX(智能流水!$E$2:$E$1001,MATCH($B64,智能流水!$B$2:$B$1001,0)),"")) | F64: =IF($B64="","",IFERROR(INDEX(智能流水!$F$2:$F$1001,MATCH($B64,智能流水!$B$2:$B$1001,0)),"")) | G64: =IF($B64="","",IFERROR(INDEX(智能流水!$G$2:$G$1001,MATCH($B64,智能流水!$B$2:$B$1001,0)),"")) | H64: =IF($B64="","",IFERROR(INDEX(智能流水!$H$2:$H$1001,MATCH($B64,智能流水!$B$2:$B$1001,0)),"")) | I64: =IF($B64="","",IFERROR(INDEX(智能流水!$I$2:$I$1001,MATCH($B64,智能流水!$B$2:$B$1001,0)),"")) | J64: =IF($B64="","",IFERROR(INDEX(智能流水!$J$2:$J$1001,MATCH($B64,智能流水!$B$2:$B$1001,0)),"")) | K64: =IF($B64="","",IFERROR(INDEX(智能流水!$K$2:$K$1001,MATCH($B64,智能流水!$B$2:$B$1001,0)),"")) | L64: =IF($B64="","",IFERROR(INDEX(智能流水!$L$2:$L$1001,MATCH($B64,智能流水!$B$2:$B$1001,0)),"")) | M64: =IF($B64="","",IFERROR(INDEX(智能流水!$M$2:$M$1001,MATCH($B64,智能流水!$B$2:$B$1001,0)),"")) | N64: =IF($B64="","",IFERROR(INDEX(智能流水!$N$2:$N$1001,MATCH($B64,智能流水!$B$2:$B$1001,0)),"")) | O64: =IF($B64="","",IFERROR(INDEX(智能流水!$O$2:$O$1001,MATCH($B64,智能流水!$B$2:$B$1001,0)),""))
A65: =IF($B65="","",64) | B65: =IFERROR(LARGE(智能流水!$B$2:$B$1001,64),"") | C65: =IF($B65="","",IFERROR(INDEX(智能流水!$C$2:$C$1001,MATCH($B65,智能流水!$B$2:$B$1001,0)),"")) | D65: =IF($B65="","",IFERROR(INDEX(智能流水!$D$2:$D$1001,MATCH($B65,智能流水!$B$2:$B$1001,0)),"")) | E65: =IF($B65="","",IFERROR(INDEX(智能流水!$E$2:$E$1001,MATCH($B65,智能流水!$B$2:$B$1001,0)),"")) | F65: =IF($B65="","",IFERROR(INDEX(智能流水!$F$2:$F$1001,MATCH($B65,智能流水!$B$2:$B$1001,0)),"")) | G65: =IF($B65="","",IFERROR(INDEX(智能流水!$G$2:$G$1001,MATCH($B65,智能流水!$B$2:$B$1001,0)),"")) | H65: =IF($B65="","",IFERROR(INDEX(智能流水!$H$2:$H$1001,MATCH($B65,智能流水!$B$2:$B$1001,0)),"")) | I65: =IF($B65="","",IFERROR(INDEX(智能流水!$I$2:$I$1001,MATCH($B65,智能流水!$B$2:$B$1001,0)),"")) | J65: =IF($B65="","",IFERROR(INDEX(智能流水!$J$2:$J$1001,MATCH($B65,智能流水!$B$2:$B$1001,0)),"")) | K65: =IF($B65="","",IFERROR(INDEX(智能流水!$K$2:$K$1001,MATCH($B65,智能流水!$B$2:$B$1001,0)),"")) | L65: =IF($B65="","",IFERROR(INDEX(智能流水!$L$2:$L$1001,MATCH($B65,智能流水!$B$2:$B$1001,0)),"")) | M65: =IF($B65="","",IFERROR(INDEX(智能流水!$M$2:$M$1001,MATCH($B65,智能流水!$B$2:$B$1001,0)),"")) | N65: =IF($B65="","",IFERROR(INDEX(智能流水!$N$2:$N$1001,MATCH($B65,智能流水!$B$2:$B$1001,0)),"")) | O65: =IF($B65="","",IFERROR(INDEX(智能流水!$O$2:$O$1001,MATCH($B65,智能流水!$B$2:$B$1001,0)),""))
A66: =IF($B66="","",65) | B66: =IFERROR(LARGE(智能流水!$B$2:$B$1001,65),"") | C66: =IF($B66="","",IFERROR(INDEX(智能流水!$C$2:$C$1001,MATCH($B66,智能流水!$B$2:$B$1001,0)),"")) | D66: =IF($B66="","",IFERROR(INDEX(智能流水!$D$2:$D$1001,MATCH($B66,智能流水!$B$2:$B$1001,0)),"")) | E66: =IF($B66="","",IFERROR(INDEX(智能流水!$E$2:$E$1001,MATCH($B66,智能流水!$B$2:$B$1001,0)),"")) | F66: =IF($B66="","",IFERROR(INDEX(智能流水!$F$2:$F$1001,MATCH($B66,智能流水!$B$2:$B$1001,0)),"")) | G66: =IF($B66="","",IFERROR(INDEX(智能流水!$G$2:$G$1001,MATCH($B66,智能流水!$B$2:$B$1001,0)),"")) | H66: =IF($B66="","",IFERROR(INDEX(智能流水!$H$2:$H$1001,MATCH($B66,智能流水!$B$2:$B$1001,0)),"")) | I66: =IF($B66="","",IFERROR(INDEX(智能流水!$I$2:$I$1001,MATCH($B66,智能流水!$B$2:$B$1001,0)),"")) | J66: =IF($B66="","",IFERROR(INDEX(智能流水!$J$2:$J$1001,MATCH($B66,智能流水!$B$2:$B$1001,0)),"")) | K66: =IF($B66="","",IFERROR(INDEX(智能流水!$K$2:$K$1001,MATCH($B66,智能流水!$B$2:$B$1001,0)),"")) | L66: =IF($B66="","",IFERROR(INDEX(智能流水!$L$2:$L$1001,MATCH($B66,智能流水!$B$2:$B$1001,0)),"")) | M66: =IF($B66="","",IFERROR(INDEX(智能流水!$M$2:$M$1001,MATCH($B66,智能流水!$B$2:$B$1001,0)),"")) | N66: =IF($B66="","",IFERROR(INDEX(智能流水!$N$2:$N$1001,MATCH($B66,智能流水!$B$2:$B$1001,0)),"")) | O66: =IF($B66="","",IFERROR(INDEX(智能流水!$O$2:$O$1001,MATCH($B66,智能流水!$B$2:$B$1001,0)),""))
A67: =IF($B67="","",66) | B67: =IFERROR(LARGE(智能流水!$B$2:$B$1001,66),"") | C67: =IF($B67="","",IFERROR(INDEX(智能流水!$C$2:$C$1001,MATCH($B67,智能流水!$B$2:$B$1001,0)),"")) | D67: =IF($B67="","",IFERROR(INDEX(智能流水!$D$2:$D$1001,MATCH($B67,智能流水!$B$2:$B$1001,0)),"")) | E67: =IF($B67="","",IFERROR(INDEX(智能流水!$E$2:$E$1001,MATCH($B67,智能流水!$B$2:$B$1001,0)),"")) | F67: =IF($B67="","",IFERROR(INDEX(智能流水!$F$2:$F$1001,MATCH($B67,智能流水!$B$2:$B$1001,0)),"")) | G67: =IF($B67="","",IFERROR(INDEX(智能流水!$G$2:$G$1001,MATCH($B67,智能流水!$B$2:$B$1001,0)),"")) | H67: =IF($B67="","",IFERROR(INDEX(智能流水!$H$2:$H$1001,MATCH($B67,智能流水!$B$2:$B$1001,0)),"")) | I67: =IF($B67="","",IFERROR(INDEX(智能流水!$I$2:$I$1001,MATCH($B67,智能流水!$B$2:$B$1001,0)),"")) | J67: =IF($B67="","",IFERROR(INDEX(智能流水!$J$2:$J$1001,MATCH($B67,智能流水!$B$2:$B$1001,0)),"")) | K67: =IF($B67="","",IFERROR(INDEX(智能流水!$K$2:$K$1001,MATCH($B67,智能流水!$B$2:$B$1001,0)),"")) | L67: =IF($B67="","",IFERROR(INDEX(智能流水!$L$2:$L$1001,MATCH($B67,智能流水!$B$2:$B$1001,0)),"")) | M67: =IF($B67="","",IFERROR(INDEX(智能流水!$M$2:$M$1001,MATCH($B67,智能流水!$B$2:$B$1001,0)),"")) | N67: =IF($B67="","",IFERROR(INDEX(智能流水!$N$2:$N$1001,MATCH($B67,智能流水!$B$2:$B$1001,0)),"")) | O67: =IF($B67="","",IFERROR(INDEX(智能流水!$O$2:$O$1001,MATCH($B67,智能流水!$B$2:$B$1001,0)),""))
A68: =IF($B68="","",67) | B68: =IFERROR(LARGE(智能流水!$B$2:$B$1001,67),"") | C68: =IF($B68="","",IFERROR(INDEX(智能流水!$C$2:$C$1001,MATCH($B68,智能流水!$B$2:$B$1001,0)),"")) | D68: =IF($B68="","",IFERROR(INDEX(智能流水!$D$2:$D$1001,MATCH($B68,智能流水!$B$2:$B$1001,0)),"")) | E68: =IF($B68="","",IFERROR(INDEX(智能流水!$E$2:$E$1001,MATCH($B68,智能流水!$B$2:$B$1001,0)),"")) | F68: =IF($B68="","",IFERROR(INDEX(智能流水!$F$2:$F$1001,MATCH($B68,智能流水!$B$2:$B$1001,0)),"")) | G68: =IF($B68="","",IFERROR(INDEX(智能流水!$G$2:$G$1001,MATCH($B68,智能流水!$B$2:$B$1001,0)),"")) | H68: =IF($B68="","",IFERROR(INDEX(智能流水!$H$2:$H$1001,MATCH($B68,智能流水!$B$2:$B$1001,0)),"")) | I68: =IF($B68="","",IFERROR(INDEX(智能流水!$I$2:$I$1001,MATCH($B68,智能流水!$B$2:$B$1001,0)),"")) | J68: =IF($B68="","",IFERROR(INDEX(智能流水!$J$2:$J$1001,MATCH($B68,智能流水!$B$2:$B$1001,0)),"")) | K68: =IF($B68="","",IFERROR(INDEX(智能流水!$K$2:$K$1001,MATCH($B68,智能流水!$B$2:$B$1001,0)),"")) | L68: =IF($B68="","",IFERROR(INDEX(智能流水!$L$2:$L$1001,MATCH($B68,智能流水!$B$2:$B$1001,0)),"")) | M68: =IF($B68="","",IFERROR(INDEX(智能流水!$M$2:$M$1001,MATCH($B68,智能流水!$B$2:$B$1001,0)),"")) | N68: =IF($B68="","",IFERROR(INDEX(智能流水!$N$2:$N$1001,MATCH($B68,智能流水!$B$2:$B$1001,0)),"")) | O68: =IF($B68="","",IFERROR(INDEX(智能流水!$O$2:$O$1001,MATCH($B68,智能流水!$B$2:$B$1001,0)),""))
A69: =IF($B69="","",68) | B69: =IFERROR(LARGE(智能流水!$B$2:$B$1001,68),"") | C69: =IF($B69="","",IFERROR(INDEX(智能流水!$C$2:$C$1001,MATCH($B69,智能流水!$B$2:$B$1001,0)),"")) | D69: =IF($B69="","",IFERROR(INDEX(智能流水!$D$2:$D$1001,MATCH($B69,智能流水!$B$2:$B$1001,0)),"")) | E69: =IF($B69="","",IFERROR(INDEX(智能流水!$E$2:$E$1001,MATCH($B69,智能流水!$B$2:$B$1001,0)),"")) | F69: =IF($B69="","",IFERROR(INDEX(智能流水!$F$2:$F$1001,MATCH($B69,智能流水!$B$2:$B$1001,0)),"")) | G69: =IF($B69="","",IFERROR(INDEX(智能流水!$G$2:$G$1001,MATCH($B69,智能流水!$B$2:$B$1001,0)),"")) | H69: =IF($B69="","",IFERROR(INDEX(智能流水!$H$2:$H$1001,MATCH($B69,智能流水!$B$2:$B$1001,0)),"")) | I69: =IF($B69="","",IFERROR(INDEX(智能流水!$I$2:$I$1001,MATCH($B69,智能流水!$B$2:$B$1001,0)),"")) | J69: =IF($B69="","",IFERROR(INDEX(智能流水!$J$2:$J$1001,MATCH($B69,智能流水!$B$2:$B$1001,0)),"")) | K69: =IF($B69="","",IFERROR(INDEX(智能流水!$K$2:$K$1001,MATCH($B69,智能流水!$B$2:$B$1001,0)),"")) | L69: =IF($B69="","",IFERROR(INDEX(智能流水!$L$2:$L$1001,MATCH($B69,智能流水!$B$2:$B$1001,0)),"")) | M69: =IF($B69="","",IFERROR(INDEX(智能流水!$M$2:$M$1001,MATCH($B69,智能流水!$B$2:$B$1001,0)),"")) | N69: =IF($B69="","",IFERROR(INDEX(智能流水!$N$2:$N$1001,MATCH($B69,智能流水!$B$2:$B$1001,0)),"")) | O69: =IF($B69="","",IFERROR(INDEX(智能流水!$O$2:$O$1001,MATCH($B69,智能流水!$B$2:$B$1001,0)),""))
A70: =IF($B70="","",69) | B70: =IFERROR(LARGE(智能流水!$B$2:$B$1001,69),"") | C70: =IF($B70="","",IFERROR(INDEX(智能流水!$C$2:$C$1001,MATCH($B70,智能流水!$B$2:$B$1001,0)),"")) | D70: =IF($B70="","",IFERROR(INDEX(智能流水!$D$2:$D$1001,MATCH($B70,智能流水!$B$2:$B$1001,0)),"")) | E70: =IF($B70="","",IFERROR(INDEX(智能流水!$E$2:$E$1001,MATCH($B70,智能流水!$B$2:$B$1001,0)),"")) | F70: =IF($B70="","",IFERROR(INDEX(智能流水!$F$2:$F$1001,MATCH($B70,智能流水!$B$2:$B$1001,0)),"")) | G70: =IF($B70="","",IFERROR(INDEX(智能流水!$G$2:$G$1001,MATCH($B70,智能流水!$B$2:$B$1001,0)),"")) | H70: =IF($B70="","",IFERROR(INDEX(智能流水!$H$2:$H$1001,MATCH($B70,智能流水!$B$2:$B$1001,0)),"")) | I70: =IF($B70="","",IFERROR(INDEX(智能流水!$I$2:$I$1001,MATCH($B70,智能流水!$B$2:$B$1001,0)),"")) | J70: =IF($B70="","",IFERROR(INDEX(智能流水!$J$2:$J$1001,MATCH($B70,智能流水!$B$2:$B$1001,0)),"")) | K70: =IF($B70="","",IFERROR(INDEX(智能流水!$K$2:$K$1001,MATCH($B70,智能流水!$B$2:$B$1001,0)),"")) | L70: =IF($B70="","",IFERROR(INDEX(智能流水!$L$2:$L$1001,MATCH($B70,智能流水!$B$2:$B$1001,0)),"")) | M70: =IF($B70="","",IFERROR(INDEX(智能流水!$M$2:$M$1001,MATCH($B70,智能流水!$B$2:$B$1001,0)),"")) | N70: =IF($B70="","",IFERROR(INDEX(智能流水!$N$2:$N$1001,MATCH($B70,智能流水!$B$2:$B$1001,0)),"")) | O70: =IF($B70="","",IFERROR(INDEX(智能流水!$O$2:$O$1001,MATCH($B70,智能流水!$B$2:$B$1001,0)),""))
A71: =IF($B71="","",70) | B71: =IFERROR(LARGE(智能流水!$B$2:$B$1001,70),"") | C71: =IF($B71="","",IFERROR(INDEX(智能流水!$C$2:$C$1001,MATCH($B71,智能流水!$B$2:$B$1001,0)),"")) | D71: =IF($B71="","",IFERROR(INDEX(智能流水!$D$2:$D$1001,MATCH($B71,智能流水!$B$2:$B$1001,0)),"")) | E71: =IF($B71="","",IFERROR(INDEX(智能流水!$E$2:$E$1001,MATCH($B71,智能流水!$B$2:$B$1001,0)),"")) | F71: =IF($B71="","",IFERROR(INDEX(智能流水!$F$2:$F$1001,MATCH($B71,智能流水!$B$2:$B$1001,0)),"")) | G71: =IF($B71="","",IFERROR(INDEX(智能流水!$G$2:$G$1001,MATCH($B71,智能流水!$B$2:$B$1001,0)),"")) | H71: =IF($B71="","",IFERROR(INDEX(智能流水!$H$2:$H$1001,MATCH($B71,智能流水!$B$2:$B$1001,0)),"")) | I71: =IF($B71="","",IFERROR(INDEX(智能流水!$I$2:$I$1001,MATCH($B71,智能流水!$B$2:$B$1001,0)),"")) | J71: =IF($B71="","",IFERROR(INDEX(智能流水!$J$2:$J$1001,MATCH($B71,智能流水!$B$2:$B$1001,0)),"")) | K71: =IF($B71="","",IFERROR(INDEX(智能流水!$K$2:$K$1001,MATCH($B71,智能流水!$B$2:$B$1001,0)),"")) | L71: =IF($B71="","",IFERROR(INDEX(智能流水!$L$2:$L$1001,MATCH($B71,智能流水!$B$2:$B$1001,0)),"")) | M71: =IF($B71="","",IFERROR(INDEX(智能流水!$M$2:$M$1001,MATCH($B71,智能流水!$B$2:$B$1001,0)),"")) | N71: =IF($B71="","",IFERROR(INDEX(智能流水!$N$2:$N$1001,MATCH($B71,智能流水!$B$2:$B$1001,0)),"")) | O71: =IF($B71="","",IFERROR(INDEX(智能流水!$O$2:$O$1001,MATCH($B71,智能流水!$B$2:$B$1001,0)),""))
A72: =IF($B72="","",71) | B72: =IFERROR(LARGE(智能流水!$B$2:$B$1001,71),"") | C72: =IF($B72="","",IFERROR(INDEX(智能流水!$C$2:$C$1001,MATCH($B72,智能流水!$B$2:$B$1001,0)),"")) | D72: =IF($B72="","",IFERROR(INDEX(智能流水!$D$2:$D$1001,MATCH($B72,智能流水!$B$2:$B$1001,0)),"")) | E72: =IF($B72="","",IFERROR(INDEX(智能流水!$E$2:$E$1001,MATCH($B72,智能流水!$B$2:$B$1001,0)),"")) | F72: =IF($B72="","",IFERROR(INDEX(智能流水!$F$2:$F$1001,MATCH($B72,智能流水!$B$2:$B$1001,0)),"")) | G72: =IF($B72="","",IFERROR(INDEX(智能流水!$G$2:$G$1001,MATCH($B72,智能流水!$B$2:$B$1001,0)),"")) | H72: =IF($B72="","",IFERROR(INDEX(智能流水!$H$2:$H$1001,MATCH($B72,智能流水!$B$2:$B$1001,0)),"")) | I72: =IF($B72="","",IFERROR(INDEX(智能流水!$I$2:$I$1001,MATCH($B72,智能流水!$B$2:$B$1001,0)),"")) | J72: =IF($B72="","",IFERROR(INDEX(智能流水!$J$2:$J$1001,MATCH($B72,智能流水!$B$2:$B$1001,0)),"")) | K72: =IF($B72="","",IFERROR(INDEX(智能流水!$K$2:$K$1001,MATCH($B72,智能流水!$B$2:$B$1001,0)),"")) | L72: =IF($B72="","",IFERROR(INDEX(智能流水!$L$2:$L$1001,MATCH($B72,智能流水!$B$2:$B$1001,0)),"")) | M72: =IF($B72="","",IFERROR(INDEX(智能流水!$M$2:$M$1001,MATCH($B72,智能流水!$B$2:$B$1001,0)),"")) | N72: =IF($B72="","",IFERROR(INDEX(智能流水!$N$2:$N$1001,MATCH($B72,智能流水!$B$2:$B$1001,0)),"")) | O72: =IF($B72="","",IFERROR(INDEX(智能流水!$O$2:$O$1001,MATCH($B72,智能流水!$B$2:$B$1001,0)),""))
A73: =IF($B73="","",72) | B73: =IFERROR(LARGE(智能流水!$B$2:$B$1001,72),"") | C73: =IF($B73="","",IFERROR(INDEX(智能流水!$C$2:$C$1001,MATCH($B73,智能流水!$B$2:$B$1001,0)),"")) | D73: =IF($B73="","",IFERROR(INDEX(智能流水!$D$2:$D$1001,MATCH($B73,智能流水!$B$2:$B$1001,0)),"")) | E73: =IF($B73="","",IFERROR(INDEX(智能流水!$E$2:$E$1001,MATCH($B73,智能流水!$B$2:$B$1001,0)),"")) | F73: =IF($B73="","",IFERROR(INDEX(智能流水!$F$2:$F$1001,MATCH($B73,智能流水!$B$2:$B$1001,0)),"")) | G73: =IF($B73="","",IFERROR(INDEX(智能流水!$G$2:$G$1001,MATCH($B73,智能流水!$B$2:$B$1001,0)),"")) | H73: =IF($B73="","",IFERROR(INDEX(智能流水!$H$2:$H$1001,MATCH($B73,智能流水!$B$2:$B$1001,0)),"")) | I73: =IF($B73="","",IFERROR(INDEX(智能流水!$I$2:$I$1001,MATCH($B73,智能流水!$B$2:$B$1001,0)),"")) | J73: =IF($B73="","",IFERROR(INDEX(智能流水!$J$2:$J$1001,MATCH($B73,智能流水!$B$2:$B$1001,0)),"")) | K73: =IF($B73="","",IFERROR(INDEX(智能流水!$K$2:$K$1001,MATCH($B73,智能流水!$B$2:$B$1001,0)),"")) | L73: =IF($B73="","",IFERROR(INDEX(智能流水!$L$2:$L$1001,MATCH($B73,智能流水!$B$2:$B$1001,0)),"")) | M73: =IF($B73="","",IFERROR(INDEX(智能流水!$M$2:$M$1001,MATCH($B73,智能流水!$B$2:$B$1001,0)),"")) | N73: =IF($B73="","",IFERROR(INDEX(智能流水!$N$2:$N$1001,MATCH($B73,智能流水!$B$2:$B$1001,0)),"")) | O73: =IF($B73="","",IFERROR(INDEX(智能流水!$O$2:$O$1001,MATCH($B73,智能流水!$B$2:$B$1001,0)),""))
A74: =IF($B74="","",73) | B74: =IFERROR(LARGE(智能流水!$B$2:$B$1001,73),"") | C74: =IF($B74="","",IFERROR(INDEX(智能流水!$C$2:$C$1001,MATCH($B74,智能流水!$B$2:$B$1001,0)),"")) | D74: =IF($B74="","",IFERROR(INDEX(智能流水!$D$2:$D$1001,MATCH($B74,智能流水!$B$2:$B$1001,0)),"")) | E74: =IF($B74="","",IFERROR(INDEX(智能流水!$E$2:$E$1001,MATCH($B74,智能流水!$B$2:$B$1001,0)),"")) | F74: =IF($B74="","",IFERROR(INDEX(智能流水!$F$2:$F$1001,MATCH($B74,智能流水!$B$2:$B$1001,0)),"")) | G74: =IF($B74="","",IFERROR(INDEX(智能流水!$G$2:$G$1001,MATCH($B74,智能流水!$B$2:$B$1001,0)),"")) | H74: =IF($B74="","",IFERROR(INDEX(智能流水!$H$2:$H$1001,MATCH($B74,智能流水!$B$2:$B$1001,0)),"")) | I74: =IF($B74="","",IFERROR(INDEX(智能流水!$I$2:$I$1001,MATCH($B74,智能流水!$B$2:$B$1001,0)),"")) | J74: =IF($B74="","",IFERROR(INDEX(智能流水!$J$2:$J$1001,MATCH($B74,智能流水!$B$2:$B$1001,0)),"")) | K74: =IF($B74="","",IFERROR(INDEX(智能流水!$K$2:$K$1001,MATCH($B74,智能流水!$B$2:$B$1001,0)),"")) | L74: =IF($B74="","",IFERROR(INDEX(智能流水!$L$2:$L$1001,MATCH($B74,智能流水!$B$2:$B$1001,0)),"")) | M74: =IF($B74="","",IFERROR(INDEX(智能流水!$M$2:$M$1001,MATCH($B74,智能流水!$B$2:$B$1001,0)),"")) | N74: =IF($B74="","",IFERROR(INDEX(智能流水!$N$2:$N$1001,MATCH($B74,智能流水!$B$2:$B$1001,0)),"")) | O74: =IF($B74="","",IFERROR(INDEX(智能流水!$O$2:$O$1001,MATCH($B74,智能流水!$B$2:$B$1001,0)),""))
A75: =IF($B75="","",74) | B75: =IFERROR(LARGE(智能流水!$B$2:$B$1001,74),"") | C75: =IF($B75="","",IFERROR(INDEX(智能流水!$C$2:$C$1001,MATCH($B75,智能流水!$B$2:$B$1001,0)),"")) | D75: =IF($B75="","",IFERROR(INDEX(智能流水!$D$2:$D$1001,MATCH($B75,智能流水!$B$2:$B$1001,0)),"")) | E75: =IF($B75="","",IFERROR(INDEX(智能流水!$E$2:$E$1001,MATCH($B75,智能流水!$B$2:$B$1001,0)),"")) | F75: =IF($B75="","",IFERROR(INDEX(智能流水!$F$2:$F$1001,MATCH($B75,智能流水!$B$2:$B$1001,0)),"")) | G75: =IF($B75="","",IFERROR(INDEX(智能流水!$G$2:$G$1001,MATCH($B75,智能流水!$B$2:$B$1001,0)),"")) | H75: =IF($B75="","",IFERROR(INDEX(智能流水!$H$2:$H$1001,MATCH($B75,智能流水!$B$2:$B$1001,0)),"")) | I75: =IF($B75="","",IFERROR(INDEX(智能流水!$I$2:$I$1001,MATCH($B75,智能流水!$B$2:$B$1001,0)),"")) | J75: =IF($B75="","",IFERROR(INDEX(智能流水!$J$2:$J$1001,MATCH($B75,智能流水!$B$2:$B$1001,0)),"")) | K75: =IF($B75="","",IFERROR(INDEX(智能流水!$K$2:$K$1001,MATCH($B75,智能流水!$B$2:$B$1001,0)),"")) | L75: =IF($B75="","",IFERROR(INDEX(智能流水!$L$2:$L$1001,MATCH($B75,智能流水!$B$2:$B$1001,0)),"")) | M75: =IF($B75="","",IFERROR(INDEX(智能流水!$M$2:$M$1001,MATCH($B75,智能流水!$B$2:$B$1001,0)),"")) | N75: =IF($B75="","",IFERROR(INDEX(智能流水!$N$2:$N$1001,MATCH($B75,智能流水!$B$2:$B$1001,0)),"")) | O75: =IF($B75="","",IFERROR(INDEX(智能流水!$O$2:$O$1001,MATCH($B75,智能流水!$B$2:$B$1001,0)),""))
A76: =IF($B76="","",75) | B76: =IFERROR(LARGE(智能流水!$B$2:$B$1001,75),"") | C76: =IF($B76="","",IFERROR(INDEX(智能流水!$C$2:$C$1001,MATCH($B76,智能流水!$B$2:$B$1001,0)),"")) | D76: =IF($B76="","",IFERROR(INDEX(智能流水!$D$2:$D$1001,MATCH($B76,智能流水!$B$2:$B$1001,0)),"")) | E76: =IF($B76="","",IFERROR(INDEX(智能流水!$E$2:$E$1001,MATCH($B76,智能流水!$B$2:$B$1001,0)),"")) | F76: =IF($B76="","",IFERROR(INDEX(智能流水!$F$2:$F$1001,MATCH($B76,智能流水!$B$2:$B$1001,0)),"")) | G76: =IF($B76="","",IFERROR(INDEX(智能流水!$G$2:$G$1001,MATCH($B76,智能流水!$B$2:$B$1001,0)),"")) | H76: =IF($B76="","",IFERROR(INDEX(智能流水!$H$2:$H$1001,MATCH($B76,智能流水!$B$2:$B$1001,0)),"")) | I76: =IF($B76="","",IFERROR(INDEX(智能流水!$I$2:$I$1001,MATCH($B76,智能流水!$B$2:$B$1001,0)),"")) | J76: =IF($B76="","",IFERROR(INDEX(智能流水!$J$2:$J$1001,MATCH($B76,智能流水!$B$2:$B$1001,0)),"")) | K76: =IF($B76="","",IFERROR(INDEX(智能流水!$K$2:$K$1001,MATCH($B76,智能流水!$B$2:$B$1001,0)),"")) | L76: =IF($B76="","",IFERROR(INDEX(智能流水!$L$2:$L$1001,MATCH($B76,智能流水!$B$2:$B$1001,0)),"")) | M76: =IF($B76="","",IFERROR(INDEX(智能流水!$M$2:$M$1001,MATCH($B76,智能流水!$B$2:$B$1001,0)),"")) | N76: =IF($B76="","",IFERROR(INDEX(智能流水!$N$2:$N$1001,MATCH($B76,智能流水!$B$2:$B$1001,0)),"")) | O76: =IF($B76="","",IFERROR(INDEX(智能流水!$O$2:$O$1001,MATCH($B76,智能流水!$B$2:$B$1001,0)),""))
A77: =IF($B77="","",76) | B77: =IFERROR(LARGE(智能流水!$B$2:$B$1001,76),"") | C77: =IF($B77="","",IFERROR(INDEX(智能流水!$C$2:$C$1001,MATCH($B77,智能流水!$B$2:$B$1001,0)),"")) | D77: =IF($B77="","",IFERROR(INDEX(智能流水!$D$2:$D$1001,MATCH($B77,智能流水!$B$2:$B$1001,0)),"")) | E77: =IF($B77="","",IFERROR(INDEX(智能流水!$E$2:$E$1001,MATCH($B77,智能流水!$B$2:$B$1001,0)),"")) | F77: =IF($B77="","",IFERROR(INDEX(智能流水!$F$2:$F$1001,MATCH($B77,智能流水!$B$2:$B$1001,0)),"")) | G77: =IF($B77="","",IFERROR(INDEX(智能流水!$G$2:$G$1001,MATCH($B77,智能流水!$B$2:$B$1001,0)),"")) | H77: =IF($B77="","",IFERROR(INDEX(智能流水!$H$2:$H$1001,MATCH($B77,智能流水!$B$2:$B$1001,0)),"")) | I77: =IF($B77="","",IFERROR(INDEX(智能流水!$I$2:$I$1001,MATCH($B77,智能流水!$B$2:$B$1001,0)),"")) | J77: =IF($B77="","",IFERROR(INDEX(智能流水!$J$2:$J$1001,MATCH($B77,智能流水!$B$2:$B$1001,0)),"")) | K77: =IF($B77="","",IFERROR(INDEX(智能流水!$K$2:$K$1001,MATCH($B77,智能流水!$B$2:$B$1001,0)),"")) | L77: =IF($B77="","",IFERROR(INDEX(智能流水!$L$2:$L$1001,MATCH($B77,智能流水!$B$2:$B$1001,0)),"")) | M77: =IF($B77="","",IFERROR(INDEX(智能流水!$M$2:$M$1001,MATCH($B77,智能流水!$B$2:$B$1001,0)),"")) | N77: =IF($B77="","",IFERROR(INDEX(智能流水!$N$2:$N$1001,MATCH($B77,智能流水!$B$2:$B$1001,0)),"")) | O77: =IF($B77="","",IFERROR(INDEX(智能流水!$O$2:$O$1001,MATCH($B77,智能流水!$B$2:$B$1001,0)),""))
A78: =IF($B78="","",77) | B78: =IFERROR(LARGE(智能流水!$B$2:$B$1001,77),"") | C78: =IF($B78="","",IFERROR(INDEX(智能流水!$C$2:$C$1001,MATCH($B78,智能流水!$B$2:$B$1001,0)),"")) | D78: =IF($B78="","",IFERROR(INDEX(智能流水!$D$2:$D$1001,MATCH($B78,智能流水!$B$2:$B$1001,0)),"")) | E78: =IF($B78="","",IFERROR(INDEX(智能流水!$E$2:$E$1001,MATCH($B78,智能流水!$B$2:$B$1001,0)),"")) | F78: =IF($B78="","",IFERROR(INDEX(智能流水!$F$2:$F$1001,MATCH($B78,智能流水!$B$2:$B$1001,0)),"")) | G78: =IF($B78="","",IFERROR(INDEX(智能流水!$G$2:$G$1001,MATCH($B78,智能流水!$B$2:$B$1001,0)),"")) | H78: =IF($B78="","",IFERROR(INDEX(智能流水!$H$2:$H$1001,MATCH($B78,智能流水!$B$2:$B$1001,0)),"")) | I78: =IF($B78="","",IFERROR(INDEX(智能流水!$I$2:$I$1001,MATCH($B78,智能流水!$B$2:$B$1001,0)),"")) | J78: =IF($B78="","",IFERROR(INDEX(智能流水!$J$2:$J$1001,MATCH($B78,智能流水!$B$2:$B$1001,0)),"")) | K78: =IF($B78="","",IFERROR(INDEX(智能流水!$K$2:$K$1001,MATCH($B78,智能流水!$B$2:$B$1001,0)),"")) | L78: =IF($B78="","",IFERROR(INDEX(智能流水!$L$2:$L$1001,MATCH($B78,智能流水!$B$2:$B$1001,0)),"")) | M78: =IF($B78="","",IFERROR(INDEX(智能流水!$M$2:$M$1001,MATCH($B78,智能流水!$B$2:$B$1001,0)),"")) | N78: =IF($B78="","",IFERROR(INDEX(智能流水!$N$2:$N$1001,MATCH($B78,智能流水!$B$2:$B$1001,0)),"")) | O78: =IF($B78="","",IFERROR(INDEX(智能流水!$O$2:$O$1001,MATCH($B78,智能流水!$B$2:$B$1001,0)),""))
A79: =IF($B79="","",78) | B79: =IFERROR(LARGE(智能流水!$B$2:$B$1001,78),"") | C79: =IF($B79="","",IFERROR(INDEX(智能流水!$C$2:$C$1001,MATCH($B79,智能流水!$B$2:$B$1001,0)),"")) | D79: =IF($B79="","",IFERROR(INDEX(智能流水!$D$2:$D$1001,MATCH($B79,智能流水!$B$2:$B$1001,0)),"")) | E79: =IF($B79="","",IFERROR(INDEX(智能流水!$E$2:$E$1001,MATCH($B79,智能流水!$B$2:$B$1001,0)),"")) | F79: =IF($B79="","",IFERROR(INDEX(智能流水!$F$2:$F$1001,MATCH($B79,智能流水!$B$2:$B$1001,0)),"")) | G79: =IF($B79="","",IFERROR(INDEX(智能流水!$G$2:$G$1001,MATCH($B79,智能流水!$B$2:$B$1001,0)),"")) | H79: =IF($B79="","",IFERROR(INDEX(智能流水!$H$2:$H$1001,MATCH($B79,智能流水!$B$2:$B$1001,0)),"")) | I79: =IF($B79="","",IFERROR(INDEX(智能流水!$I$2:$I$1001,MATCH($B79,智能流水!$B$2:$B$1001,0)),"")) | J79: =IF($B79="","",IFERROR(INDEX(智能流水!$J$2:$J$1001,MATCH($B79,智能流水!$B$2:$B$1001,0)),"")) | K79: =IF($B79="","",IFERROR(INDEX(智能流水!$K$2:$K$1001,MATCH($B79,智能流水!$B$2:$B$1001,0)),"")) | L79: =IF($B79="","",IFERROR(INDEX(智能流水!$L$2:$L$1001,MATCH($B79,智能流水!$B$2:$B$1001,0)),"")) | M79: =IF($B79="","",IFERROR(INDEX(智能流水!$M$2:$M$1001,MATCH($B79,智能流水!$B$2:$B$1001,0)),"")) | N79: =IF($B79="","",IFERROR(INDEX(智能流水!$N$2:$N$1001,MATCH($B79,智能流水!$B$2:$B$1001,0)),"")) | O79: =IF($B79="","",IFERROR(INDEX(智能流水!$O$2:$O$1001,MATCH($B79,智能流水!$B$2:$B$1001,0)),""))
A80: =IF($B80="","",79) | B80: =IFERROR(LARGE(智能流水!$B$2:$B$1001,79),"") | C80: =IF($B80="","",IFERROR(INDEX(智能流水!$C$2:$C$1001,MATCH($B80,智能流水!$B$2:$B$1001,0)),"")) | D80: =IF($B80="","",IFERROR(INDEX(智能流水!$D$2:$D$1001,MATCH($B80,智能流水!$B$2:$B$1001,0)),"")) | E80: =IF($B80="","",IFERROR(INDEX(智能流水!$E$2:$E$1001,MATCH($B80,智能流水!$B$2:$B$1001,0)),"")) | F80: =IF($B80="","",IFERROR(INDEX(智能流水!$F$2:$F$1001,MATCH($B80,智能流水!$B$2:$B$1001,0)),"")) | G80: =IF($B80="","",IFERROR(INDEX(智能流水!$G$2:$G$1001,MATCH($B80,智能流水!$B$2:$B$1001,0)),"")) | H80: =IF($B80="","",IFERROR(INDEX(智能流水!$H$2:$H$1001,MATCH($B80,智能流水!$B$2:$B$1001,0)),"")) | I80: =IF($B80="","",IFERROR(INDEX(智能流水!$I$2:$I$1001,MATCH($B80,智能流水!$B$2:$B$1001,0)),"")) | J80: =IF($B80="","",IFERROR(INDEX(智能流水!$J$2:$J$1001,MATCH($B80,智能流水!$B$2:$B$1001,0)),"")) | K80: =IF($B80="","",IFERROR(INDEX(智能流水!$K$2:$K$1001,MATCH($B80,智能流水!$B$2:$B$1001,0)),"")) | L80: =IF($B80="","",IFERROR(INDEX(智能流水!$L$2:$L$1001,MATCH($B80,智能流水!$B$2:$B$1001,0)),"")) | M80: =IF($B80="","",IFERROR(INDEX(智能流水!$M$2:$M$1001,MATCH($B80,智能流水!$B$2:$B$1001,0)),"")) | N80: =IF($B80="","",IFERROR(INDEX(智能流水!$N$2:$N$1001,MATCH($B80,智能流水!$B$2:$B$1001,0)),"")) | O80: =IF($B80="","",IFERROR(INDEX(智能流水!$O$2:$O$1001,MATCH($B80,智能流水!$B$2:$B$1001,0)),""))
A81: =IF($B81="","",80) | B81: =IFERROR(LARGE(智能流水!$B$2:$B$1001,80),"") | C81: =IF($B81="","",IFERROR(INDEX(智能流水!$C$2:$C$1001,MATCH($B81,智能流水!$B$2:$B$1001,0)),"")) | D81: =IF($B81="","",IFERROR(INDEX(智能流水!$D$2:$D$1001,MATCH($B81,智能流水!$B$2:$B$1001,0)),"")) | E81: =IF($B81="","",IFERROR(INDEX(智能流水!$E$2:$E$1001,MATCH($B81,智能流水!$B$2:$B$1001,0)),"")) | F81: =IF($B81="","",IFERROR(INDEX(智能流水!$F$2:$F$1001,MATCH($B81,智能流水!$B$2:$B$1001,0)),"")) | G81: =IF($B81="","",IFERROR(INDEX(智能流水!$G$2:$G$1001,MATCH($B81,智能流水!$B$2:$B$1001,0)),"")) | H81: =IF($B81="","",IFERROR(INDEX(智能流水!$H$2:$H$1001,MATCH($B81,智能流水!$B$2:$B$1001,0)),"")) | I81: =IF($B81="","",IFERROR(INDEX(智能流水!$I$2:$I$1001,MATCH($B81,智能流水!$B$2:$B$1001,0)),"")) | J81: =IF($B81="","",IFERROR(INDEX(智能流水!$J$2:$J$1001,MATCH($B81,智能流水!$B$2:$B$1001,0)),"")) | K81: =IF($B81="","",IFERROR(INDEX(智能流水!$K$2:$K$1001,MATCH($B81,智能流水!$B$2:$B$1001,0)),"")) | L81: =IF($B81="","",IFERROR(INDEX(智能流水!$L$2:$L$1001,MATCH($B81,智能流水!$B$2:$B$1001,0)),"")) | M81: =IF($B81="","",IFERROR(INDEX(智能流水!$M$2:$M$1001,MATCH($B81,智能流水!$B$2:$B$1001,0)),"")) | N81: =IF($B81="","",IFERROR(INDEX(智能流水!$N$2:$N$1001,MATCH($B81,智能流水!$B$2:$B$1001,0)),"")) | O81: =IF($B81="","",IFERROR(INDEX(智能流水!$O$2:$O$1001,MATCH($B81,智能流水!$B$2:$B$1001,0)),""))
A82: =IF($B82="","",81) | B82: =IFERROR(LARGE(智能流水!$B$2:$B$1001,81),"") | C82: =IF($B82="","",IFERROR(INDEX(智能流水!$C$2:$C$1001,MATCH($B82,智能流水!$B$2:$B$1001,0)),"")) | D82: =IF($B82="","",IFERROR(INDEX(智能流水!$D$2:$D$1001,MATCH($B82,智能流水!$B$2:$B$1001,0)),"")) | E82: =IF($B82="","",IFERROR(INDEX(智能流水!$E$2:$E$1001,MATCH($B82,智能流水!$B$2:$B$1001,0)),"")) | F82: =IF($B82="","",IFERROR(INDEX(智能流水!$F$2:$F$1001,MATCH($B82,智能流水!$B$2:$B$1001,0)),"")) | G82: =IF($B82="","",IFERROR(INDEX(智能流水!$G$2:$G$1001,MATCH($B82,智能流水!$B$2:$B$1001,0)),"")) | H82: =IF($B82="","",IFERROR(INDEX(智能流水!$H$2:$H$1001,MATCH($B82,智能流水!$B$2:$B$1001,0)),"")) | I82: =IF($B82="","",IFERROR(INDEX(智能流水!$I$2:$I$1001,MATCH($B82,智能流水!$B$2:$B$1001,0)),"")) | J82: =IF($B82="","",IFERROR(INDEX(智能流水!$J$2:$J$1001,MATCH($B82,智能流水!$B$2:$B$1001,0)),"")) | K82: =IF($B82="","",IFERROR(INDEX(智能流水!$K$2:$K$1001,MATCH($B82,智能流水!$B$2:$B$1001,0)),"")) | L82: =IF($B82="","",IFERROR(INDEX(智能流水!$L$2:$L$1001,MATCH($B82,智能流水!$B$2:$B$1001,0)),"")) | M82: =IF($B82="","",IFERROR(INDEX(智能流水!$M$2:$M$1001,MATCH($B82,智能流水!$B$2:$B$1001,0)),"")) | N82: =IF($B82="","",IFERROR(INDEX(智能流水!$N$2:$N$1001,MATCH($B82,智能流水!$B$2:$B$1001,0)),"")) | O82: =IF($B82="","",IFERROR(INDEX(智能流水!$O$2:$O$1001,MATCH($B82,智能流水!$B$2:$B$1001,0)),""))
A83: =IF($B83="","",82) | B83: =IFERROR(LARGE(智能流水!$B$2:$B$1001,82),"") | C83: =IF($B83="","",IFERROR(INDEX(智能流水!$C$2:$C$1001,MATCH($B83,智能流水!$B$2:$B$1001,0)),"")) | D83: =IF($B83="","",IFERROR(INDEX(智能流水!$D$2:$D$1001,MATCH($B83,智能流水!$B$2:$B$1001,0)),"")) | E83: =IF($B83="","",IFERROR(INDEX(智能流水!$E$2:$E$1001,MATCH($B83,智能流水!$B$2:$B$1001,0)),"")) | F83: =IF($B83="","",IFERROR(INDEX(智能流水!$F$2:$F$1001,MATCH($B83,智能流水!$B$2:$B$1001,0)),"")) | G83: =IF($B83="","",IFERROR(INDEX(智能流水!$G$2:$G$1001,MATCH($B83,智能流水!$B$2:$B$1001,0)),"")) | H83: =IF($B83="","",IFERROR(INDEX(智能流水!$H$2:$H$1001,MATCH($B83,智能流水!$B$2:$B$1001,0)),"")) | I83: =IF($B83="","",IFERROR(INDEX(智能流水!$I$2:$I$1001,MATCH($B83,智能流水!$B$2:$B$1001,0)),"")) | J83: =IF($B83="","",IFERROR(INDEX(智能流水!$J$2:$J$1001,MATCH($B83,智能流水!$B$2:$B$1001,0)),"")) | K83: =IF($B83="","",IFERROR(INDEX(智能流水!$K$2:$K$1001,MATCH($B83,智能流水!$B$2:$B$1001,0)),"")) | L83: =IF($B83="","",IFERROR(INDEX(智能流水!$L$2:$L$1001,MATCH($B83,智能流水!$B$2:$B$1001,0)),"")) | M83: =IF($B83="","",IFERROR(INDEX(智能流水!$M$2:$M$1001,MATCH($B83,智能流水!$B$2:$B$1001,0)),"")) | N83: =IF($B83="","",IFERROR(INDEX(智能流水!$N$2:$N$1001,MATCH($B83,智能流水!$B$2:$B$1001,0)),"")) | O83: =IF($B83="","",IFERROR(INDEX(智能流水!$O$2:$O$1001,MATCH($B83,智能流水!$B$2:$B$1001,0)),""))
A84: =IF($B84="","",83) | B84: =IFERROR(LARGE(智能流水!$B$2:$B$1001,83),"") | C84: =IF($B84="","",IFERROR(INDEX(智能流水!$C$2:$C$1001,MATCH($B84,智能流水!$B$2:$B$1001,0)),"")) | D84: =IF($B84="","",IFERROR(INDEX(智能流水!$D$2:$D$1001,MATCH($B84,智能流水!$B$2:$B$1001,0)),"")) | E84: =IF($B84="","",IFERROR(INDEX(智能流水!$E$2:$E$1001,MATCH($B84,智能流水!$B$2:$B$1001,0)),"")) | F84: =IF($B84="","",IFERROR(INDEX(智能流水!$F$2:$F$1001,MATCH($B84,智能流水!$B$2:$B$1001,0)),"")) | G84: =IF($B84="","",IFERROR(INDEX(智能流水!$G$2:$G$1001,MATCH($B84,智能流水!$B$2:$B$1001,0)),"")) | H84: =IF($B84="","",IFERROR(INDEX(智能流水!$H$2:$H$1001,MATCH($B84,智能流水!$B$2:$B$1001,0)),"")) | I84: =IF($B84="","",IFERROR(INDEX(智能流水!$I$2:$I$1001,MATCH($B84,智能流水!$B$2:$B$1001,0)),"")) | J84: =IF($B84="","",IFERROR(INDEX(智能流水!$J$2:$J$1001,MATCH($B84,智能流水!$B$2:$B$1001,0)),"")) | K84: =IF($B84="","",IFERROR(INDEX(智能流水!$K$2:$K$1001,MATCH($B84,智能流水!$B$2:$B$1001,0)),"")) | L84: =IF($B84="","",IFERROR(INDEX(智能流水!$L$2:$L$1001,MATCH($B84,智能流水!$B$2:$B$1001,0)),"")) | M84: =IF($B84="","",IFERROR(INDEX(智能流水!$M$2:$M$1001,MATCH($B84,智能流水!$B$2:$B$1001,0)),"")) | N84: =IF($B84="","",IFERROR(INDEX(智能流水!$N$2:$N$1001,MATCH($B84,智能流水!$B$2:$B$1001,0)),"")) | O84: =IF($B84="","",IFERROR(INDEX(智能流水!$O$2:$O$1001,MATCH($B84,智能流水!$B$2:$B$1001,0)),""))
A85: =IF($B85="","",84) | B85: =IFERROR(LARGE(智能流水!$B$2:$B$1001,84),"") | C85: =IF($B85="","",IFERROR(INDEX(智能流水!$C$2:$C$1001,MATCH($B85,智能流水!$B$2:$B$1001,0)),"")) | D85: =IF($B85="","",IFERROR(INDEX(智能流水!$D$2:$D$1001,MATCH($B85,智能流水!$B$2:$B$1001,0)),"")) | E85: =IF($B85="","",IFERROR(INDEX(智能流水!$E$2:$E$1001,MATCH($B85,智能流水!$B$2:$B$1001,0)),"")) | F85: =IF($B85="","",IFERROR(INDEX(智能流水!$F$2:$F$1001,MATCH($B85,智能流水!$B$2:$B$1001,0)),"")) | G85: =IF($B85="","",IFERROR(INDEX(智能流水!$G$2:$G$1001,MATCH($B85,智能流水!$B$2:$B$1001,0)),"")) | H85: =IF($B85="","",IFERROR(INDEX(智能流水!$H$2:$H$1001,MATCH($B85,智能流水!$B$2:$B$1001,0)),"")) | I85: =IF($B85="","",IFERROR(INDEX(智能流水!$I$2:$I$1001,MATCH($B85,智能流水!$B$2:$B$1001,0)),"")) | J85: =IF($B85="","",IFERROR(INDEX(智能流水!$J$2:$J$1001,MATCH($B85,智能流水!$B$2:$B$1001,0)),"")) | K85: =IF($B85="","",IFERROR(INDEX(智能流水!$K$2:$K$1001,MATCH($B85,智能流水!$B$2:$B$1001,0)),"")) | L85: =IF($B85="","",IFERROR(INDEX(智能流水!$L$2:$L$1001,MATCH($B85,智能流水!$B$2:$B$1001,0)),"")) | M85: =IF($B85="","",IFERROR(INDEX(智能流水!$M$2:$M$1001,MATCH($B85,智能流水!$B$2:$B$1001,0)),"")) | N85: =IF($B85="","",IFERROR(INDEX(智能流水!$N$2:$N$1001,MATCH($B85,智能流水!$B$2:$B$1001,0)),"")) | O85: =IF($B85="","",IFERROR(INDEX(智能流水!$O$2:$O$1001,MATCH($B85,智能流水!$B$2:$B$1001,0)),""))
A86: =IF($B86="","",85) | B86: =IFERROR(LARGE(智能流水!$B$2:$B$1001,85),"") | C86: =IF($B86="","",IFERROR(INDEX(智能流水!$C$2:$C$1001,MATCH($B86,智能流水!$B$2:$B$1001,0)),"")) | D86: =IF($B86="","",IFERROR(INDEX(智能流水!$D$2:$D$1001,MATCH($B86,智能流水!$B$2:$B$1001,0)),"")) | E86: =IF($B86="","",IFERROR(INDEX(智能流水!$E$2:$E$1001,MATCH($B86,智能流水!$B$2:$B$1001,0)),"")) | F86: =IF($B86="","",IFERROR(INDEX(智能流水!$F$2:$F$1001,MATCH($B86,智能流水!$B$2:$B$1001,0)),"")) | G86: =IF($B86="","",IFERROR(INDEX(智能流水!$G$2:$G$1001,MATCH($B86,智能流水!$B$2:$B$1001,0)),"")) | H86: =IF($B86="","",IFERROR(INDEX(智能流水!$H$2:$H$1001,MATCH($B86,智能流水!$B$2:$B$1001,0)),"")) | I86: =IF($B86="","",IFERROR(INDEX(智能流水!$I$2:$I$1001,MATCH($B86,智能流水!$B$2:$B$1001,0)),"")) | J86: =IF($B86="","",IFERROR(INDEX(智能流水!$J$2:$J$1001,MATCH($B86,智能流水!$B$2:$B$1001,0)),"")) | K86: =IF($B86="","",IFERROR(INDEX(智能流水!$K$2:$K$1001,MATCH($B86,智能流水!$B$2:$B$1001,0)),"")) | L86: =IF($B86="","",IFERROR(INDEX(智能流水!$L$2:$L$1001,MATCH($B86,智能流水!$B$2:$B$1001,0)),"")) | M86: =IF($B86="","",IFERROR(INDEX(智能流水!$M$2:$M$1001,MATCH($B86,智能流水!$B$2:$B$1001,0)),"")) | N86: =IF($B86="","",IFERROR(INDEX(智能流水!$N$2:$N$1001,MATCH($B86,智能流水!$B$2:$B$1001,0)),"")) | O86: =IF($B86="","",IFERROR(INDEX(智能流水!$O$2:$O$1001,MATCH($B86,智能流水!$B$2:$B$1001,0)),""))
A87: =IF($B87="","",86) | B87: =IFERROR(LARGE(智能流水!$B$2:$B$1001,86),"") | C87: =IF($B87="","",IFERROR(INDEX(智能流水!$C$2:$C$1001,MATCH($B87,智能流水!$B$2:$B$1001,0)),"")) | D87: =IF($B87="","",IFERROR(INDEX(智能流水!$D$2:$D$1001,MATCH($B87,智能流水!$B$2:$B$1001,0)),"")) | E87: =IF($B87="","",IFERROR(INDEX(智能流水!$E$2:$E$1001,MATCH($B87,智能流水!$B$2:$B$1001,0)),"")) | F87: =IF($B87="","",IFERROR(INDEX(智能流水!$F$2:$F$1001,MATCH($B87,智能流水!$B$2:$B$1001,0)),"")) | G87: =IF($B87="","",IFERROR(INDEX(智能流水!$G$2:$G$1001,MATCH($B87,智能流水!$B$2:$B$1001,0)),"")) | H87: =IF($B87="","",IFERROR(INDEX(智能流水!$H$2:$H$1001,MATCH($B87,智能流水!$B$2:$B$1001,0)),"")) | I87: =IF($B87="","",IFERROR(INDEX(智能流水!$I$2:$I$1001,MATCH($B87,智能流水!$B$2:$B$1001,0)),"")) | J87: =IF($B87="","",IFERROR(INDEX(智能流水!$J$2:$J$1001,MATCH($B87,智能流水!$B$2:$B$1001,0)),"")) | K87: =IF($B87="","",IFERROR(INDEX(智能流水!$K$2:$K$1001,MATCH($B87,智能流水!$B$2:$B$1001,0)),"")) | L87: =IF($B87="","",IFERROR(INDEX(智能流水!$L$2:$L$1001,MATCH($B87,智能流水!$B$2:$B$1001,0)),"")) | M87: =IF($B87="","",IFERROR(INDEX(智能流水!$M$2:$M$1001,MATCH($B87,智能流水!$B$2:$B$1001,0)),"")) | N87: =IF($B87="","",IFERROR(INDEX(智能流水!$N$2:$N$1001,MATCH($B87,智能流水!$B$2:$B$1001,0)),"")) | O87: =IF($B87="","",IFERROR(INDEX(智能流水!$O$2:$O$1001,MATCH($B87,智能流水!$B$2:$B$1001,0)),""))
A88: =IF($B88="","",87) | B88: =IFERROR(LARGE(智能流水!$B$2:$B$1001,87),"") | C88: =IF($B88="","",IFERROR(INDEX(智能流水!$C$2:$C$1001,MATCH($B88,智能流水!$B$2:$B$1001,0)),"")) | D88: =IF($B88="","",IFERROR(INDEX(智能流水!$D$2:$D$1001,MATCH($B88,智能流水!$B$2:$B$1001,0)),"")) | E88: =IF($B88="","",IFERROR(INDEX(智能流水!$E$2:$E$1001,MATCH($B88,智能流水!$B$2:$B$1001,0)),"")) | F88: =IF($B88="","",IFERROR(INDEX(智能流水!$F$2:$F$1001,MATCH($B88,智能流水!$B$2:$B$1001,0)),"")) | G88: =IF($B88="","",IFERROR(INDEX(智能流水!$G$2:$G$1001,MATCH($B88,智能流水!$B$2:$B$1001,0)),"")) | H88: =IF($B88="","",IFERROR(INDEX(智能流水!$H$2:$H$1001,MATCH($B88,智能流水!$B$2:$B$1001,0)),"")) | I88: =IF($B88="","",IFERROR(INDEX(智能流水!$I$2:$I$1001,MATCH($B88,智能流水!$B$2:$B$1001,0)),"")) | J88: =IF($B88="","",IFERROR(INDEX(智能流水!$J$2:$J$1001,MATCH($B88,智能流水!$B$2:$B$1001,0)),"")) | K88: =IF($B88="","",IFERROR(INDEX(智能流水!$K$2:$K$1001,MATCH($B88,智能流水!$B$2:$B$1001,0)),"")) | L88: =IF($B88="","",IFERROR(INDEX(智能流水!$L$2:$L$1001,MATCH($B88,智能流水!$B$2:$B$1001,0)),"")) | M88: =IF($B88="","",IFERROR(INDEX(智能流水!$M$2:$M$1001,MATCH($B88,智能流水!$B$2:$B$1001,0)),"")) | N88: =IF($B88="","",IFERROR(INDEX(智能流水!$N$2:$N$1001,MATCH($B88,智能流水!$B$2:$B$1001,0)),"")) | O88: =IF($B88="","",IFERROR(INDEX(智能流水!$O$2:$O$1001,MATCH($B88,智能流水!$B$2:$B$1001,0)),""))
A89: =IF($B89="","",88) | B89: =IFERROR(LARGE(智能流水!$B$2:$B$1001,88),"") | C89: =IF($B89="","",IFERROR(INDEX(智能流水!$C$2:$C$1001,MATCH($B89,智能流水!$B$2:$B$1001,0)),"")) | D89: =IF($B89="","",IFERROR(INDEX(智能流水!$D$2:$D$1001,MATCH($B89,智能流水!$B$2:$B$1001,0)),"")) | E89: =IF($B89="","",IFERROR(INDEX(智能流水!$E$2:$E$1001,MATCH($B89,智能流水!$B$2:$B$1001,0)),"")) | F89: =IF($B89="","",IFERROR(INDEX(智能流水!$F$2:$F$1001,MATCH($B89,智能流水!$B$2:$B$1001,0)),"")) | G89: =IF($B89="","",IFERROR(INDEX(智能流水!$G$2:$G$1001,MATCH($B89,智能流水!$B$2:$B$1001,0)),"")) | H89: =IF($B89="","",IFERROR(INDEX(智能流水!$H$2:$H$1001,MATCH($B89,智能流水!$B$2:$B$1001,0)),"")) | I89: =IF($B89="","",IFERROR(INDEX(智能流水!$I$2:$I$1001,MATCH($B89,智能流水!$B$2:$B$1001,0)),"")) | J89: =IF($B89="","",IFERROR(INDEX(智能流水!$J$2:$J$1001,MATCH($B89,智能流水!$B$2:$B$1001,0)),"")) | K89: =IF($B89="","",IFERROR(INDEX(智能流水!$K$2:$K$1001,MATCH($B89,智能流水!$B$2:$B$1001,0)),"")) | L89: =IF($B89="","",IFERROR(INDEX(智能流水!$L$2:$L$1001,MATCH($B89,智能流水!$B$2:$B$1001,0)),"")) | M89: =IF($B89="","",IFERROR(INDEX(智能流水!$M$2:$M$1001,MATCH($B89,智能流水!$B$2:$B$1001,0)),"")) | N89: =IF($B89="","",IFERROR(INDEX(智能流水!$N$2:$N$1001,MATCH($B89,智能流水!$B$2:$B$1001,0)),"")) | O89: =IF($B89="","",IFERROR(INDEX(智能流水!$O$2:$O$1001,MATCH($B89,智能流水!$B$2:$B$1001,0)),""))
A90: =IF($B90="","",89) | B90: =IFERROR(LARGE(智能流水!$B$2:$B$1001,89),"") | C90: =IF($B90="","",IFERROR(INDEX(智能流水!$C$2:$C$1001,MATCH($B90,智能流水!$B$2:$B$1001,0)),"")) | D90: =IF($B90="","",IFERROR(INDEX(智能流水!$D$2:$D$1001,MATCH($B90,智能流水!$B$2:$B$1001,0)),"")) | E90: =IF($B90="","",IFERROR(INDEX(智能流水!$E$2:$E$1001,MATCH($B90,智能流水!$B$2:$B$1001,0)),"")) | F90: =IF($B90="","",IFERROR(INDEX(智能流水!$F$2:$F$1001,MATCH($B90,智能流水!$B$2:$B$1001,0)),"")) | G90: =IF($B90="","",IFERROR(INDEX(智能流水!$G$2:$G$1001,MATCH($B90,智能流水!$B$2:$B$1001,0)),"")) | H90: =IF($B90="","",IFERROR(INDEX(智能流水!$H$2:$H$1001,MATCH($B90,智能流水!$B$2:$B$1001,0)),"")) | I90: =IF($B90="","",IFERROR(INDEX(智能流水!$I$2:$I$1001,MATCH($B90,智能流水!$B$2:$B$1001,0)),"")) | J90: =IF($B90="","",IFERROR(INDEX(智能流水!$J$2:$J$1001,MATCH($B90,智能流水!$B$2:$B$1001,0)),"")) | K90: =IF($B90="","",IFERROR(INDEX(智能流水!$K$2:$K$1001,MATCH($B90,智能流水!$B$2:$B$1001,0)),"")) | L90: =IF($B90="","",IFERROR(INDEX(智能流水!$L$2:$L$1001,MATCH($B90,智能流水!$B$2:$B$1001,0)),"")) | M90: =IF($B90="","",IFERROR(INDEX(智能流水!$M$2:$M$1001,MATCH($B90,智能流水!$B$2:$B$1001,0)),"")) | N90: =IF($B90="","",IFERROR(INDEX(智能流水!$N$2:$N$1001,MATCH($B90,智能流水!$B$2:$B$1001,0)),"")) | O90: =IF($B90="","",IFERROR(INDEX(智能流水!$O$2:$O$1001,MATCH($B90,智能流水!$B$2:$B$1001,0)),""))
A91: =IF($B91="","",90) | B91: =IFERROR(LARGE(智能流水!$B$2:$B$1001,90),"") | C91: =IF($B91="","",IFERROR(INDEX(智能流水!$C$2:$C$1001,MATCH($B91,智能流水!$B$2:$B$1001,0)),"")) | D91: =IF($B91="","",IFERROR(INDEX(智能流水!$D$2:$D$1001,MATCH($B91,智能流水!$B$2:$B$1001,0)),"")) | E91: =IF($B91="","",IFERROR(INDEX(智能流水!$E$2:$E$1001,MATCH($B91,智能流水!$B$2:$B$1001,0)),"")) | F91: =IF($B91="","",IFERROR(INDEX(智能流水!$F$2:$F$1001,MATCH($B91,智能流水!$B$2:$B$1001,0)),"")) | G91: =IF($B91="","",IFERROR(INDEX(智能流水!$G$2:$G$1001,MATCH($B91,智能流水!$B$2:$B$1001,0)),"")) | H91: =IF($B91="","",IFERROR(INDEX(智能流水!$H$2:$H$1001,MATCH($B91,智能流水!$B$2:$B$1001,0)),"")) | I91: =IF($B91="","",IFERROR(INDEX(智能流水!$I$2:$I$1001,MATCH($B91,智能流水!$B$2:$B$1001,0)),"")) | J91: =IF($B91="","",IFERROR(INDEX(智能流水!$J$2:$J$1001,MATCH($B91,智能流水!$B$2:$B$1001,0)),"")) | K91: =IF($B91="","",IFERROR(INDEX(智能流水!$K$2:$K$1001,MATCH($B91,智能流水!$B$2:$B$1001,0)),"")) | L91: =IF($B91="","",IFERROR(INDEX(智能流水!$L$2:$L$1001,MATCH($B91,智能流水!$B$2:$B$1001,0)),"")) | M91: =IF($B91="","",IFERROR(INDEX(智能流水!$M$2:$M$1001,MATCH($B91,智能流水!$B$2:$B$1001,0)),"")) | N91: =IF($B91="","",IFERROR(INDEX(智能流水!$N$2:$N$1001,MATCH($B91,智能流水!$B$2:$B$1001,0)),"")) | O91: =IF($B91="","",IFERROR(INDEX(智能流水!$O$2:$O$1001,MATCH($B91,智能流水!$B$2:$B$1001,0)),""))
A92: =IF($B92="","",91) | B92: =IFERROR(LARGE(智能流水!$B$2:$B$1001,91),"") | C92: =IF($B92="","",IFERROR(INDEX(智能流水!$C$2:$C$1001,MATCH($B92,智能流水!$B$2:$B$1001,0)),"")) | D92: =IF($B92="","",IFERROR(INDEX(智能流水!$D$2:$D$1001,MATCH($B92,智能流水!$B$2:$B$1001,0)),"")) | E92: =IF($B92="","",IFERROR(INDEX(智能流水!$E$2:$E$1001,MATCH($B92,智能流水!$B$2:$B$1001,0)),"")) | F92: =IF($B92="","",IFERROR(INDEX(智能流水!$F$2:$F$1001,MATCH($B92,智能流水!$B$2:$B$1001,0)),"")) | G92: =IF($B92="","",IFERROR(INDEX(智能流水!$G$2:$G$1001,MATCH($B92,智能流水!$B$2:$B$1001,0)),"")) | H92: =IF($B92="","",IFERROR(INDEX(智能流水!$H$2:$H$1001,MATCH($B92,智能流水!$B$2:$B$1001,0)),"")) | I92: =IF($B92="","",IFERROR(INDEX(智能流水!$I$2:$I$1001,MATCH($B92,智能流水!$B$2:$B$1001,0)),"")) | J92: =IF($B92="","",IFERROR(INDEX(智能流水!$J$2:$J$1001,MATCH($B92,智能流水!$B$2:$B$1001,0)),"")) | K92: =IF($B92="","",IFERROR(INDEX(智能流水!$K$2:$K$1001,MATCH($B92,智能流水!$B$2:$B$1001,0)),"")) | L92: =IF($B92="","",IFERROR(INDEX(智能流水!$L$2:$L$1001,MATCH($B92,智能流水!$B$2:$B$1001,0)),"")) | M92: =IF($B92="","",IFERROR(INDEX(智能流水!$M$2:$M$1001,MATCH($B92,智能流水!$B$2:$B$1001,0)),"")) | N92: =IF($B92="","",IFERROR(INDEX(智能流水!$N$2:$N$1001,MATCH($B92,智能流水!$B$2:$B$1001,0)),"")) | O92: =IF($B92="","",IFERROR(INDEX(智能流水!$O$2:$O$1001,MATCH($B92,智能流水!$B$2:$B$1001,0)),""))
A93: =IF($B93="","",92) | B93: =IFERROR(LARGE(智能流水!$B$2:$B$1001,92),"") | C93: =IF($B93="","",IFERROR(INDEX(智能流水!$C$2:$C$1001,MATCH($B93,智能流水!$B$2:$B$1001,0)),"")) | D93: =IF($B93="","",IFERROR(INDEX(智能流水!$D$2:$D$1001,MATCH($B93,智能流水!$B$2:$B$1001,0)),"")) | E93: =IF($B93="","",IFERROR(INDEX(智能流水!$E$2:$E$1001,MATCH($B93,智能流水!$B$2:$B$1001,0)),"")) | F93: =IF($B93="","",IFERROR(INDEX(智能流水!$F$2:$F$1001,MATCH($B93,智能流水!$B$2:$B$1001,0)),"")) | G93: =IF($B93="","",IFERROR(INDEX(智能流水!$G$2:$G$1001,MATCH($B93,智能流水!$B$2:$B$1001,0)),"")) | H93: =IF($B93="","",IFERROR(INDEX(智能流水!$H$2:$H$1001,MATCH($B93,智能流水!$B$2:$B$1001,0)),"")) | I93: =IF($B93="","",IFERROR(INDEX(智能流水!$I$2:$I$1001,MATCH($B93,智能流水!$B$2:$B$1001,0)),"")) | J93: =IF($B93="","",IFERROR(INDEX(智能流水!$J$2:$J$1001,MATCH($B93,智能流水!$B$2:$B$1001,0)),"")) | K93: =IF($B93="","",IFERROR(INDEX(智能流水!$K$2:$K$1001,MATCH($B93,智能流水!$B$2:$B$1001,0)),"")) | L93: =IF($B93="","",IFERROR(INDEX(智能流水!$L$2:$L$1001,MATCH($B93,智能流水!$B$2:$B$1001,0)),"")) | M93: =IF($B93="","",IFERROR(INDEX(智能流水!$M$2:$M$1001,MATCH($B93,智能流水!$B$2:$B$1001,0)),"")) | N93: =IF($B93="","",IFERROR(INDEX(智能流水!$N$2:$N$1001,MATCH($B93,智能流水!$B$2:$B$1001,0)),"")) | O93: =IF($B93="","",IFERROR(INDEX(智能流水!$O$2:$O$1001,MATCH($B93,智能流水!$B$2:$B$1001,0)),""))
A94: =IF($B94="","",93) | B94: =IFERROR(LARGE(智能流水!$B$2:$B$1001,93),"") | C94: =IF($B94="","",IFERROR(INDEX(智能流水!$C$2:$C$1001,MATCH($B94,智能流水!$B$2:$B$1001,0)),"")) | D94: =IF($B94="","",IFERROR(INDEX(智能流水!$D$2:$D$1001,MATCH($B94,智能流水!$B$2:$B$1001,0)),"")) | E94: =IF($B94="","",IFERROR(INDEX(智能流水!$E$2:$E$1001,MATCH($B94,智能流水!$B$2:$B$1001,0)),"")) | F94: =IF($B94="","",IFERROR(INDEX(智能流水!$F$2:$F$1001,MATCH($B94,智能流水!$B$2:$B$1001,0)),"")) | G94: =IF($B94="","",IFERROR(INDEX(智能流水!$G$2:$G$1001,MATCH($B94,智能流水!$B$2:$B$1001,0)),"")) | H94: =IF($B94="","",IFERROR(INDEX(智能流水!$H$2:$H$1001,MATCH($B94,智能流水!$B$2:$B$1001,0)),"")) | I94: =IF($B94="","",IFERROR(INDEX(智能流水!$I$2:$I$1001,MATCH($B94,智能流水!$B$2:$B$1001,0)),"")) | J94: =IF($B94="","",IFERROR(INDEX(智能流水!$J$2:$J$1001,MATCH($B94,智能流水!$B$2:$B$1001,0)),"")) | K94: =IF($B94="","",IFERROR(INDEX(智能流水!$K$2:$K$1001,MATCH($B94,智能流水!$B$2:$B$1001,0)),"")) | L94: =IF($B94="","",IFERROR(INDEX(智能流水!$L$2:$L$1001,MATCH($B94,智能流水!$B$2:$B$1001,0)),"")) | M94: =IF($B94="","",IFERROR(INDEX(智能流水!$M$2:$M$1001,MATCH($B94,智能流水!$B$2:$B$1001,0)),"")) | N94: =IF($B94="","",IFERROR(INDEX(智能流水!$N$2:$N$1001,MATCH($B94,智能流水!$B$2:$B$1001,0)),"")) | O94: =IF($B94="","",IFERROR(INDEX(智能流水!$O$2:$O$1001,MATCH($B94,智能流水!$B$2:$B$1001,0)),""))
A95: =IF($B95="","",94) | B95: =IFERROR(LARGE(智能流水!$B$2:$B$1001,94),"") | C95: =IF($B95="","",IFERROR(INDEX(智能流水!$C$2:$C$1001,MATCH($B95,智能流水!$B$2:$B$1001,0)),"")) | D95: =IF($B95="","",IFERROR(INDEX(智能流水!$D$2:$D$1001,MATCH($B95,智能流水!$B$2:$B$1001,0)),"")) | E95: =IF($B95="","",IFERROR(INDEX(智能流水!$E$2:$E$1001,MATCH($B95,智能流水!$B$2:$B$1001,0)),"")) | F95: =IF($B95="","",IFERROR(INDEX(智能流水!$F$2:$F$1001,MATCH($B95,智能流水!$B$2:$B$1001,0)),"")) | G95: =IF($B95="","",IFERROR(INDEX(智能流水!$G$2:$G$1001,MATCH($B95,智能流水!$B$2:$B$1001,0)),"")) | H95: =IF($B95="","",IFERROR(INDEX(智能流水!$H$2:$H$1001,MATCH($B95,智能流水!$B$2:$B$1001,0)),"")) | I95: =IF($B95="","",IFERROR(INDEX(智能流水!$I$2:$I$1001,MATCH($B95,智能流水!$B$2:$B$1001,0)),"")) | J95: =IF($B95="","",IFERROR(INDEX(智能流水!$J$2:$J$1001,MATCH($B95,智能流水!$B$2:$B$1001,0)),"")) | K95: =IF($B95="","",IFERROR(INDEX(智能流水!$K$2:$K$1001,MATCH($B95,智能流水!$B$2:$B$1001,0)),"")) | L95: =IF($B95="","",IFERROR(INDEX(智能流水!$L$2:$L$1001,MATCH($B95,智能流水!$B$2:$B$1001,0)),"")) | M95: =IF($B95="","",IFERROR(INDEX(智能流水!$M$2:$M$1001,MATCH($B95,智能流水!$B$2:$B$1001,0)),"")) | N95: =IF($B95="","",IFERROR(INDEX(智能流水!$N$2:$N$1001,MATCH($B95,智能流水!$B$2:$B$1001,0)),"")) | O95: =IF($B95="","",IFERROR(INDEX(智能流水!$O$2:$O$1001,MATCH($B95,智能流水!$B$2:$B$1001,0)),""))
A96: =IF($B96="","",95) | B96: =IFERROR(LARGE(智能流水!$B$2:$B$1001,95),"") | C96: =IF($B96="","",IFERROR(INDEX(智能流水!$C$2:$C$1001,MATCH($B96,智能流水!$B$2:$B$1001,0)),"")) | D96: =IF($B96="","",IFERROR(INDEX(智能流水!$D$2:$D$1001,MATCH($B96,智能流水!$B$2:$B$1001,0)),"")) | E96: =IF($B96="","",IFERROR(INDEX(智能流水!$E$2:$E$1001,MATCH($B96,智能流水!$B$2:$B$1001,0)),"")) | F96: =IF($B96="","",IFERROR(INDEX(智能流水!$F$2:$F$1001,MATCH($B96,智能流水!$B$2:$B$1001,0)),"")) | G96: =IF($B96="","",IFERROR(INDEX(智能流水!$G$2:$G$1001,MATCH($B96,智能流水!$B$2:$B$1001,0)),"")) | H96: =IF($B96="","",IFERROR(INDEX(智能流水!$H$2:$H$1001,MATCH($B96,智能流水!$B$2:$B$1001,0)),"")) | I96: =IF($B96="","",IFERROR(INDEX(智能流水!$I$2:$I$1001,MATCH($B96,智能流水!$B$2:$B$1001,0)),"")) | J96: =IF($B96="","",IFERROR(INDEX(智能流水!$J$2:$J$1001,MATCH($B96,智能流水!$B$2:$B$1001,0)),"")) | K96: =IF($B96="","",IFERROR(INDEX(智能流水!$K$2:$K$1001,MATCH($B96,智能流水!$B$2:$B$1001,0)),"")) | L96: =IF($B96="","",IFERROR(INDEX(智能流水!$L$2:$L$1001,MATCH($B96,智能流水!$B$2:$B$1001,0)),"")) | M96: =IF($B96="","",IFERROR(INDEX(智能流水!$M$2:$M$1001,MATCH($B96,智能流水!$B$2:$B$1001,0)),"")) | N96: =IF($B96="","",IFERROR(INDEX(智能流水!$N$2:$N$1001,MATCH($B96,智能流水!$B$2:$B$1001,0)),"")) | O96: =IF($B96="","",IFERROR(INDEX(智能流水!$O$2:$O$1001,MATCH($B96,智能流水!$B$2:$B$1001,0)),""))
A97: =IF($B97="","",96) | B97: =IFERROR(LARGE(智能流水!$B$2:$B$1001,96),"") | C97: =IF($B97="","",IFERROR(INDEX(智能流水!$C$2:$C$1001,MATCH($B97,智能流水!$B$2:$B$1001,0)),"")) | D97: =IF($B97="","",IFERROR(INDEX(智能流水!$D$2:$D$1001,MATCH($B97,智能流水!$B$2:$B$1001,0)),"")) | E97: =IF($B97="","",IFERROR(INDEX(智能流水!$E$2:$E$1001,MATCH($B97,智能流水!$B$2:$B$1001,0)),"")) | F97: =IF($B97="","",IFERROR(INDEX(智能流水!$F$2:$F$1001,MATCH($B97,智能流水!$B$2:$B$1001,0)),"")) | G97: =IF($B97="","",IFERROR(INDEX(智能流水!$G$2:$G$1001,MATCH($B97,智能流水!$B$2:$B$1001,0)),"")) | H97: =IF($B97="","",IFERROR(INDEX(智能流水!$H$2:$H$1001,MATCH($B97,智能流水!$B$2:$B$1001,0)),"")) | I97: =IF($B97="","",IFERROR(INDEX(智能流水!$I$2:$I$1001,MATCH($B97,智能流水!$B$2:$B$1001,0)),"")) | J97: =IF($B97="","",IFERROR(INDEX(智能流水!$J$2:$J$1001,MATCH($B97,智能流水!$B$2:$B$1001,0)),"")) | K97: =IF($B97="","",IFERROR(INDEX(智能流水!$K$2:$K$1001,MATCH($B97,智能流水!$B$2:$B$1001,0)),"")) | L97: =IF($B97="","",IFERROR(INDEX(智能流水!$L$2:$L$1001,MATCH($B97,智能流水!$B$2:$B$1001,0)),"")) | M97: =IF($B97="","",IFERROR(INDEX(智能流水!$M$2:$M$1001,MATCH($B97,智能流水!$B$2:$B$1001,0)),"")) | N97: =IF($B97="","",IFERROR(INDEX(智能流水!$N$2:$N$1001,MATCH($B97,智能流水!$B$2:$B$1001,0)),"")) | O97: =IF($B97="","",IFERROR(INDEX(智能流水!$O$2:$O$1001,MATCH($B97,智能流水!$B$2:$B$1001,0)),""))
A98: =IF($B98="","",97) | B98: =IFERROR(LARGE(智能流水!$B$2:$B$1001,97),"") | C98: =IF($B98="","",IFERROR(INDEX(智能流水!$C$2:$C$1001,MATCH($B98,智能流水!$B$2:$B$1001,0)),"")) | D98: =IF($B98="","",IFERROR(INDEX(智能流水!$D$2:$D$1001,MATCH($B98,智能流水!$B$2:$B$1001,0)),"")) | E98: =IF($B98="","",IFERROR(INDEX(智能流水!$E$2:$E$1001,MATCH($B98,智能流水!$B$2:$B$1001,0)),"")) | F98: =IF($B98="","",IFERROR(INDEX(智能流水!$F$2:$F$1001,MATCH($B98,智能流水!$B$2:$B$1001,0)),"")) | G98: =IF($B98="","",IFERROR(INDEX(智能流水!$G$2:$G$1001,MATCH($B98,智能流水!$B$2:$B$1001,0)),"")) | H98: =IF($B98="","",IFERROR(INDEX(智能流水!$H$2:$H$1001,MATCH($B98,智能流水!$B$2:$B$1001,0)),"")) | I98: =IF($B98="","",IFERROR(INDEX(智能流水!$I$2:$I$1001,MATCH($B98,智能流水!$B$2:$B$1001,0)),"")) | J98: =IF($B98="","",IFERROR(INDEX(智能流水!$J$2:$J$1001,MATCH($B98,智能流水!$B$2:$B$1001,0)),"")) | K98: =IF($B98="","",IFERROR(INDEX(智能流水!$K$2:$K$1001,MATCH($B98,智能流水!$B$2:$B$1001,0)),"")) | L98: =IF($B98="","",IFERROR(INDEX(智能流水!$L$2:$L$1001,MATCH($B98,智能流水!$B$2:$B$1001,0)),"")) | M98: =IF($B98="","",IFERROR(INDEX(智能流水!$M$2:$M$1001,MATCH($B98,智能流水!$B$2:$B$1001,0)),"")) | N98: =IF($B98="","",IFERROR(INDEX(智能流水!$N$2:$N$1001,MATCH($B98,智能流水!$B$2:$B$1001,0)),"")) | O98: =IF($B98="","",IFERROR(INDEX(智能流水!$O$2:$O$1001,MATCH($B98,智能流水!$B$2:$B$1001,0)),""))
A99: =IF($B99="","",98) | B99: =IFERROR(LARGE(智能流水!$B$2:$B$1001,98),"") | C99: =IF($B99="","",IFERROR(INDEX(智能流水!$C$2:$C$1001,MATCH($B99,智能流水!$B$2:$B$1001,0)),"")) | D99: =IF($B99="","",IFERROR(INDEX(智能流水!$D$2:$D$1001,MATCH($B99,智能流水!$B$2:$B$1001,0)),"")) | E99: =IF($B99="","",IFERROR(INDEX(智能流水!$E$2:$E$1001,MATCH($B99,智能流水!$B$2:$B$1001,0)),"")) | F99: =IF($B99="","",IFERROR(INDEX(智能流水!$F$2:$F$1001,MATCH($B99,智能流水!$B$2:$B$1001,0)),"")) | G99: =IF($B99="","",IFERROR(INDEX(智能流水!$G$2:$G$1001,MATCH($B99,智能流水!$B$2:$B$1001,0)),"")) | H99: =IF($B99="","",IFERROR(INDEX(智能流水!$H$2:$H$1001,MATCH($B99,智能流水!$B$2:$B$1001,0)),"")) | I99: =IF($B99="","",IFERROR(INDEX(智能流水!$I$2:$I$1001,MATCH($B99,智能流水!$B$2:$B$1001,0)),"")) | J99: =IF($B99="","",IFERROR(INDEX(智能流水!$J$2:$J$1001,MATCH($B99,智能流水!$B$2:$B$1001,0)),"")) | K99: =IF($B99="","",IFERROR(INDEX(智能流水!$K$2:$K$1001,MATCH($B99,智能流水!$B$2:$B$1001,0)),"")) | L99: =IF($B99="","",IFERROR(INDEX(智能流水!$L$2:$L$1001,MATCH($B99,智能流水!$B$2:$B$1001,0)),"")) | M99: =IF($B99="","",IFERROR(INDEX(智能流水!$M$2:$M$1001,MATCH($B99,智能流水!$B$2:$B$1001,0)),"")) | N99: =IF($B99="","",IFERROR(INDEX(智能流水!$N$2:$N$1001,MATCH($B99,智能流水!$B$2:$B$1001,0)),"")) | O99: =IF($B99="","",IFERROR(INDEX(智能流水!$O$2:$O$1001,MATCH($B99,智能流水!$B$2:$B$1001,0)),""))
A100: =IF($B100="","",99) | B100: =IFERROR(LARGE(智能流水!$B$2:$B$1001,99),"") | C100: =IF($B100="","",IFERROR(INDEX(智能流水!$C$2:$C$1001,MATCH($B100,智能流水!$B$2:$B$1001,0)),"")) | D100: =IF($B100="","",IFERROR(INDEX(智能流水!$D$2:$D$1001,MATCH($B100,智能流水!$B$2:$B$1001,0)),"")) | E100: =IF($B100="","",IFERROR(INDEX(智能流水!$E$2:$E$1001,MATCH($B100,智能流水!$B$2:$B$1001,0)),"")) | F100: =IF($B100="","",IFERROR(INDEX(智能流水!$F$2:$F$1001,MATCH($B100,智能流水!$B$2:$B$1001,0)),"")) | G100: =IF($B100="","",IFERROR(INDEX(智能流水!$G$2:$G$1001,MATCH($B100,智能流水!$B$2:$B$1001,0)),"")) | H100: =IF($B100="","",IFERROR(INDEX(智能流水!$H$2:$H$1001,MATCH($B100,智能流水!$B$2:$B$1001,0)),"")) | I100: =IF($B100="","",IFERROR(INDEX(智能流水!$I$2:$I$1001,MATCH($B100,智能流水!$B$2:$B$1001,0)),"")) | J100: =IF($B100="","",IFERROR(INDEX(智能流水!$J$2:$J$1001,MATCH($B100,智能流水!$B$2:$B$1001,0)),"")) | K100: =IF($B100="","",IFERROR(INDEX(智能流水!$K$2:$K$1001,MATCH($B100,智能流水!$B$2:$B$1001,0)),"")) | L100: =IF($B100="","",IFERROR(INDEX(智能流水!$L$2:$L$1001,MATCH($B100,智能流水!$B$2:$B$1001,0)),"")) | M100: =IF($B100="","",IFERROR(INDEX(智能流水!$M$2:$M$1001,MATCH($B100,智能流水!$B$2:$B$1001,0)),"")) | N100: =IF($B100="","",IFERROR(INDEX(智能流水!$N$2:$N$1001,MATCH($B100,智能流水!$B$2:$B$1001,0)),"")) | O100: =IF($B100="","",IFERROR(INDEX(智能流水!$O$2:$O$1001,MATCH($B100,智能流水!$B$2:$B$1001,0)),""))
...

Sheet 开奖记录
A1: 期号 | B1: 开奖时间 | C1: 第1码 | D1: 第2码 | E1: 第3码 | F1: 第4码 | G1: 第5码 | H1: 第6码 | I1: 特码 | J1: 年份生肖 | K1: 特码生肖 | L1: 特码波色
A2: 2026198 | B2: 2026-07-17 21:35:30 | C2: 48 | D2: 35 | E2: 45 | F2: 21 | G2: 12 | H2: 24 | I2: 07 | J2: 马 | K2: 鼠 | L2: 红波
A3: 2026197 | B3: 2026-07-16 21:35:30 | C3: 40 | D3: 19 | E3: 30 | F3: 48 | G3: 44 | H3: 28 | I3: 08 | J3: 马 | K3: 猪 | L3: 红波
A4: 2026196 | B4: 2026-07-15 21:35:30 | C4: 03 | D4: 37 | E4: 24 | F4: 10 | G4: 41 | H4: 19 | I4: 39 | J4: 马 | K4: 龙 | L4: 绿波
A5: 2026195 | B5: 2026-07-14 21:35:30 | C5: 46 | D5: 23 | E5: 39 | F5: 04 | G5: 09 | H5: 19 | I5: 25 | J5: 马 | K5: 马 | L5: 蓝波
A6: 2026194 | B6: 2026-07-13 21:35:29 | C6: 30 | D6: 21 | E6: 22 | F6: 15 | G6: 04 | H6: 34 | I6: 26 | J6: 马 | K6: 蛇 | L6: 蓝波
A7: 2026193 | B7: 2026-07-12 21:35:31 | C7: 02 | D7: 49 | E7: 25 | F7: 11 | G7: 45 | H7: 29 | I7: 09 | J7: 马 | K7: 狗 | L7: 蓝波
A8: 2026192 | B8: 2026-07-11 21:35:30 | C8: 27 | D8: 30 | E8: 45 | F8: 08 | G8: 01 | H8: 37 | I8: 25 | J8: 马 | K8: 马 | L8: 蓝波
A9: 2026191 | B9: 2026-07-10 21:35:30 | C9: 19 | D9: 43 | E9: 39 | F9: 24 | G9: 16 | H9: 26 | I9: 29 | J9: 马 | K9: 虎 | L9: 红波
A10: 2026190 | B10: 2026-07-09 21:35:30 | C10: 46 | D10: 14 | E10: 19 | F10: 37 | G10: 48 | H10: 29 | I10: 16 | J10: 马 | K10: 兔 | L10: 绿波
A11: 2026189 | B11: 2026-07-08 21:35:30 | C11: 45 | D11: 12 | E11: 37 | F11: 20 | G11: 38 | H11: 43 | I11: 15 | J11: 马 | K11: 龙 | L11: 蓝波
A12: 2026188 | B12: 2026-07-07 21:35:30 | C12: 38 | D12: 05 | E12: 19 | F12: 10 | G12: 14 | H12: 01 | I12: 16 | J12: 马 | K12: 兔 | L12: 绿波
A13: 2026187 | B13: 2026-07-06 21:35:30 | C13: 23 | D13: 12 | E13: 36 | F13: 38 | G13: 27 | H13: 22 | I13: 01 | J13: 马 | K13: 马 | L13: 红波
... A199: 2026001 | B199: 2026-01-01 21:35:33 | C199: 27 | D199: 08 | E199: 43 | F199: 33 | G199: 42 | H199: 11 | I199: 29 | J199: 蛇 | K199: 牛 | L199: 红波

Sheet 智能流水
A1: 序号 | B1: 期号 | C1: 原始记录 | D1: 命中金额 | E1: 亏损金额 | F1: 净额 | G1: 开奖时间 | H1: 实际特码 | I1: 实际生肖 | J1: 自动结果 | K1: 备注 | L1: 平码+5建议 | M1: 加5验算 | N1: 八肖建议 | O1: 八肖验算
A2: 1 | B2: 2026001 | C2: 牛 29 | D2: 1825 | F2: =IF(COUNTA(D2:E2)=0,"",N(D2)-N(E2)) | G2: =IFERROR(VLOOKUP($B2,'开奖记录'!$A:$K,2,FALSE),"") | H2: =IFERROR(VLOOKUP($B2,'开奖记录'!$A:$K,9,FALSE),"") | I2: =IFERROR(VLOOKUP($B2,'开奖记录'!$A:$K,11,FALSE),"") | J2: =IF($B2="","",IF(ISNUMBER($D2),"命中",IF(ISNUMBER($E2),"未命中",""))) | L2: =IFERROR(TEXT(VLOOKUP($B2-1,开奖记录!$A:$L,3,FALSE),"00")&"+5="&VLOOKUP(MOD(VLOOKUP($B2-1,开奖记录!$A:$L,3,FALSE)+4,49)+1,规律参数!$A:$C,3,FALSE),"") | M2: =IF(L2="","",IF(I2="","待开奖",IF(ISNUMBER(SEARCH(I2,L2)),"命中","未命中"))) | N2: =IFERROR(VLOOKUP(VLOOKUP($B2-1,开奖记录!$A:$L,11,FALSE),八肖参数!$A:$B,2,FALSE),"") | O2: =IF(N2="","",IF(I2="","待开奖",IF(ISNUMBER(SEARCH(I2,N2)),"命中","未命中")))
A3: 2 | B3: 2026002 | C3: 猴 22 | E3: 890 | F3: =IF(COUNTA(D3:E3)=0,"",N(D3)-N(E3)) | G3: =IFERROR(VLOOKUP($B3,'开奖记录'!$A:$K,2,FALSE),"") | H3: =IFERROR(VLOOKUP($B3,'开奖记录'!$A:$K,9,FALSE),"") | I3: =IFERROR(VLOOKUP($B3,'开奖记录'!$A:$K,11,FALSE),"") | J3: =IF($B3="","",IF(ISNUMBER($D3),"命中",IF(ISNUMBER($E3),"未命中",""))) | L3: =IFERROR(TEXT(VLOOKUP($B3-1,开奖记录!$A:$L,3,FALSE),"00")&"+5="&VLOOKUP(MOD(VLOOKUP($B3-1,开奖记录!$A:$L,3,FALSE)+4,49)+1,规律参数!$A:$C,3,FALSE),"") | M3: =IF(L3="","",IF(I3="","待开奖",IF(ISNUMBER(SEARCH(I3,L3)),"命中","未命中"))) | N3: =IFERROR(VLOOKUP(VLOOKUP($B3-1,开奖记录!$A:$L,11,FALSE),八肖参数!$A:$B,2,FALSE),"") | O3: =IF(N3="","",IF(I3="","待开奖",IF(ISNUMBER(SEARCH(I3,N3)),"命中","未命中")))
A4: 3 | B4: 2026003 | C4: 鸡 09 | E4: 980 | F4: =IF(COUNTA(D4:E4)=0,"",N(D4)-N(E4)) | G4: =IFERROR(VLOOKUP($B4,'开奖记录'!$A:$K,2,FALSE),"") | H4: =IFERROR(VLOOKUP($B4,'开奖记录'!$A:$K,9,FALSE),"") | I4: =IFERROR(VLOOKUP($B4,'开奖记录'!$A:$K,11,FALSE),"") | J4: =IF($B4="","",IF(ISNUMBER($D4),"命中",IF(ISNUMBER($E4),"未命中",""))) | L4: =IFERROR(TEXT(VLOOKUP($B4-1,开奖记录!$A:$L,3,FALSE),"00")&"+5="&VLOOKUP(MOD(VLOOKUP($B4-1,开奖记录!$A:$L,3,FALSE)+4,49)+1,规律参数!$A:$C,3,FALSE),"") | M4: =IF(L4="","",IF(I4="","待开奖",IF(ISNUMBER(SEARCH(I4,L4)),"命中","未命中"))) | N4: =IFERROR(VLOOKUP(VLOOKUP($B4-1,开奖记录!$A:$L,11,FALSE),八肖参数!$A:$B,2,FALSE),"") | O4: =IF(N4="","",IF(I4="","待开奖",IF(ISNUMBER(SEARCH(I4,N4)),"命中","未命中")))
A5: 4 | B5: 2026004 | C5: 鸡 45 | E5: 750 | F5: =IF(COUNTA(D5:E5)=0,"",N(D5)-N(E5)) | G5: =IFERROR(VLOOKUP($B5,'开奖记录'!$A:$K,2,FALSE),"") | H5: =IFERROR(VLOOKUP($B5,'开奖记录'!$A:$K,9,FALSE),"") | I5: =IFERROR(VLOOKUP($B5,'开奖记录'!$A:$K,11,FALSE),"") | J5: =IF($B5="","",IF(ISNUMBER($D5),"命中",IF(ISNUMBER($E5),"未命中",""))) | L5: =IFERROR(TEXT(VLOOKUP($B5-1,开奖记录!$A:$L,3,FALSE),"00")&"+5="&VLOOKUP(MOD(VLOOKUP($B5-1,开奖记录!$A:$L,3,FALSE)+4,49)+1,规律参数!$A:$C,3,FALSE),"") | M5: =IF(L5="","",IF(I5="","待开奖",IF(ISNUMBER(SEARCH(I5,L5)),"命中","未命中"))) | N5: =IFERROR(VLOOKUP(VLOOKUP($B5-1,开奖记录!$A:$L,11,FALSE),八肖参数!$A:$B,2,FALSE),"") | O5: =IF(N5="","",IF(I5="","待开奖",IF(ISNUMBER(SEARCH(I5,N5)),"命中","未命中")))
A6: 5 | B6: 2026005 | C6: 猪 43 | E6: 540 | F6: =IF(COUNTA(D6:E6)=0,"",N(D6)-N(E6)) | G6: =IFERROR(VLOOKUP($B6,'开奖记录'!$A:$K,2,FALSE),"") | H6: =IFERROR(VLOOKUP($B6,'开奖记录'!$A:$K,9,FALSE),"") | I6: =IFERROR(VLOOKUP($B6,'开奖记录'!$A:$K,11,FALSE),"") | J6: =IF($B6="","",IF(ISNUMBER($D6),"命中",IF(ISNUMBER($E6),"未命中",""))) | L6: =IFERROR(TEXT(VLOOKUP($B6-1,开奖记录!$A:$L,3,FALSE),"00")&"+5="&VLOOKUP(MOD(VLOOKUP($B6-1,开奖记录!$A:$L,3,FALSE)+4,49)+1,规律参数!$A:$C,3,FALSE),"") | M6: =IF(L6="","",IF(I6="","待开奖",IF(ISNUMBER(SEARCH(I6,L6)),"命中","未命中"))) | N6: =IFERROR(VLOOKUP(VLOOKUP($B6-1,开奖记录!$A:$L,11,FALSE),八肖参数!$A:$B,2,FALSE),"") | O6: =IF(N6="","",IF(I6="","待开奖",IF(ISNUMBER(SEARCH(I6,N6)),"命中","未命中")))
A7: 6 | B7: 2026006 | C7: 蛇 13 | D7: 1065 | F7: =IF(COUNTA(D7:E7)=0,"",N(D7)-N(E7)) | G7: =IFERROR(VLOOKUP($B7,'开奖记录'!$A:$K,2,FALSE),"") | H7: =IFERROR(VLOOKUP($B7,'开奖记录'!$A:$K,9,FALSE),"") | I7: =IFERROR(VLOOKUP($B7,'开奖记录'!$A:$K,11,FALSE),"") | J7: =IF($B7="","",IF(ISNUMBER($D7),"命中",IF(ISNUMBER($E7),"未命中",""))) | L7: =IFERROR(TEXT(VLOOKUP($B7-1,开奖记录!$A:$L,3,FALSE),"00")&"+5="&VLOOKUP(MOD(VLOOKUP($B7-1,开奖记录!$A:$L,3,FALSE)+4,49)+1,规律参数!$A:$C,3,FALSE),"") | M7: =IF(L7="","",IF(I7="","待开奖",IF(ISNUMBER(SEARCH(I7,L7)),"命中","未命中"))) | N7: =IFERROR(VLOOKUP(VLOOKUP($B7-1,开奖记录!$A:$L,11,FALSE),八肖参数!$A:$B,2,FALSE),"") | O7: =IF(N7="","",IF(I7="","待开奖",IF(ISNUMBER(SEARCH(I7,N7)),"命中","未命中")))
A8: 7 | B8: 2026007 | C8: 牛 41 | D8: 765 | F8: =IF(COUNTA(D8:E8)=0,"",N(D8)-N(E8)) | G8: =IFERROR(VLOOKUP($B8,'开奖记录'!$A:$K,2,FALSE),"") | H8: =IFERROR(VLOOKUP($B8,'开奖记录'!$A:$K,9,FALSE),"") | I8: =IFERROR(VLOOKUP($B8,'开奖记录'!$A:$K,11,FALSE),"") | J8: =IF($B8="","",IF(ISNUMBER($D8),"命中",IF(ISNUMBER($E8),"未命中",""))) | L8: =IFERROR(TEXT(VLOOKUP($B8-1,开奖记录!$A:$L,3,FALSE),"00")&"+5="&VLOOKUP(MOD(VLOOKUP($B8-1,开奖记录!$A:$L,3,FALSE)+4,49)+1,规律参数!$A:$C,3,FALSE),"") | M8: =IF(L8="","",IF(I8="","待开奖",IF(ISNUMBER(SEARCH(I8,L8)),"命中","未命中"))) | N8: =IFERROR(VLOOKUP(VLOOKUP($B8-1,开奖记录!$A:$L,11,FALSE),八肖参数!$A:$B,2,FALSE),"") | O8: =IF(N8="","",IF(I8="","待开奖",IF(ISNUMBER(SEARCH(I8,N8)),"命中","未命中")))
A9: 8 | B9: 2026008 | C9: 鸡 21 | D9: 2870 | F9: =IF(COUNTA(D9:E9)=0,"",N(D9)-N(E9)) | G9: =IFERROR(VLOOKUP($B9,'开奖记录'!$A:$K,2,FALSE),"") | H9: =IFERROR(VLOOKUP($B9,'开奖记录'!$A:$K,9,FALSE),"") | I9: =IFERROR(VLOOKUP($B9,'开奖记录'!$A:$K,11,FALSE),"") | J9: =IF($B9="","",IF(ISNUMBER($D9),"命中",IF(ISNUMBER($E9),"未命中",""))) | L9: =IFERROR(TEXT(VLOOKUP($B9-1,开奖记录!$A:$L,3,FALSE),"00")&"+5="&VLOOKUP(MOD(VLOOKUP($B9-1,开奖记录!$A:$L,3,FALSE)+4,49)+1,规律参数!$A:$C,3,FALSE),"") | M9: =IF(L9="","",IF(I9="","待开奖",IF(ISNUMBER(SEARCH(I9,L9)),"命中","未命中"))) | N9: =IFERROR(VLOOKUP(VLOOKUP($B9-1,开奖记录!$A:$L,11,FALSE),八肖参数!$A:$B,2,FALSE),"") | O9: =IF(N9="","",IF(I9="","待开奖",IF(ISNUMBER(SEARCH(I9,N9)),"命中","未命中")))
A10: 9 | B10: 2026009 | C10: 虎 28 | E10: 880 | F10: =IF(COUNTA(D10:E10)=0,"",N(D10)-N(E10)) | G10: =IFERROR(VLOOKUP($B10,'开奖记录'!$A:$K,2,FALSE),"") | H10: =IFERROR(VLOOKUP($B10,'开奖记录'!$A:$K,9,FALSE),"") | I10: =IFERROR(VLOOKUP($B10,'开奖记录'!$A:$K,11,FALSE),"") | J10: =IF($B10="","",IF(ISNUMBER($D10),"命中",IF(ISNUMBER($E10),"未命中",""))) | L10: =IFERROR(TEXT(VLOOKUP($B10-1,开奖记录!$A:$L,3,FALSE),"00")&"+5="&VLOOKUP(MOD(VLOOKUP($B10-1,开奖记录!$A:$L,3,FALSE)+4,49)+1,规律参数!$A:$C,3,FALSE),"") | M10: =IF(L10="","",IF(I10="","待开奖",IF(ISNUMBER(SEARCH(I10,L10)),"命中","未命中"))) | N10: =IFERROR(VLOOKUP(VLOOKUP($B10-1,开奖记录!$A:$L,11,FALSE),八肖参数!$A:$B,2,FALSE),"") | O10: =IF(N10="","",IF(I10="","待开奖",IF(ISNUMBER(SEARCH(I10,N10)),"命中","未命中")))
A11: 10 | B11: 2026010 | C11: 兔 27 | D11: 130 | F11: =IF(COUNTA(D11:E11)=0,"",N(D11)-N(E11)) | G11: =IFERROR(VLOOKUP($B11,'开奖记录'!$A:$K,2,FALSE),"") | H11: =IFERROR(VLOOKUP($B11,'开奖记录'!$A:$K,9,FALSE),"") | I11: =IFERROR(VLOOKUP($B11,'开奖记录'!$A:$K,11,FALSE),"") | J11: =IF($B11="","",IF(ISNUMBER($D11),"命中",IF(ISNUMBER($E11),"未命中",""))) | L11: =IFERROR(TEXT(VLOOKUP($B11-1,开奖记录!$A:$L,3,FALSE),"00")&"+5="&VLOOKUP(MOD(VLOOKUP($B11-1,开奖记录!$A:$L,3,FALSE)+4,49)+1,规律参数!$A:$C,3,FALSE),"") | M11: =IF(L11="","",IF(I11="","待开奖",IF(ISNUMBER(SEARCH(I11,L11)),"命中","未命中"))) | N11: =IFERROR(VLOOKUP(VLOOKUP($B11-1,开奖记录!$A:$L,11,FALSE),八肖参数!$A:$B,2,FALSE),"") | O11: =IF(N11="","",IF(I11="","待开奖",IF(ISNUMBER(SEARCH(I11,N11)),"命中","未命中")))
A12: 11 | B12: 2026011 | C12: 羊 11 | E12: 330 | F12: =IF(COUNTA(D12:E12)=0,"",N(D12)-N(E12)) | G12: =IFERROR(VLOOKUP($B12,'开奖记录'!$A:$K,2,FALSE),"") | H12: =IFERROR(VLOOKUP($B12,'开奖记录'!$A:$K,9,FALSE),"") | I12: =IFERROR(VLOOKUP($B12,'开奖记录'!$A:$K,11,FALSE),"") | J12: =IF($B12="","",IF(ISNUMBER($D12),"命中",IF(ISNUMBER($E12),"未命中",""))) | L12: =IFERROR(TEXT(VLOOKUP($B12-1,开奖记录!$A:$L,3,FALSE),"00")&"+5="&VLOOKUP(MOD(VLOOKUP($B12-1,开奖记录!$A:$L,3,FALSE)+4,49)+1,规律参数!$A:$C,3,FALSE),"") | M12: =IF(L12="","",IF(I12="","待开奖",IF(ISNUMBER(SEARCH(I12,L12)),"命中","未命中"))) | N12: =IFERROR(VLOOKUP(VLOOKUP($B12-1,开奖记录!$A:$L,11,FALSE),八肖参数!$A:$B,2,FALSE),"") | O12: =IF(N12="","",IF(I12="","待开奖",IF(ISNUMBER(SEARCH(I12,N12)),"命中","未命中")))
A13: 12 | B13: 2026012 | C13: 羊 11 | E13: 450 | F13: =IF(COUNTA(D13:E13)=0,"",N(D13)-N(E13)) | G13: =IFERROR(VLOOKUP($B13,'开奖记录'!$A:$K,2,FALSE),"") | H13: =IFERROR(VLOOKUP($B13,'开奖记录'!$A:$K,9,FALSE),"") | I13: =IFERROR(VLOOKUP($B13,'开奖记录'!$A:$K,11,FALSE),"") | J13: =IF($B13="","",IF(ISNUMBER($D13),"命中",IF(ISNUMBER($E13),"未命中",""))) | L13: =IFERROR(TEXT(VLOOKUP($B13-1,开奖记录!$A:$L,3,FALSE),"00")&"+5="&VLOOKUP(MOD(VLOOKUP($B13-1,开奖记录!$A:$L,3,FALSE)+4,49)+1,规律参数!$A:$C,3,FALSE),"") | M13: =IF(L13="","",IF(I13="","待开奖",IF(ISNUMBER(SEARCH(I13,L13)),"命中","未命中"))) | N13: =IFERROR(VLOOKUP(VLOOKUP($B13-1,开奖记录!$A:$L,11,FALSE),八肖参数!$A:$B,2,FALSE),"") | O13: =IF(N13="","",IF(I13="","待开奖",IF(ISNUMBER(SEARCH(I13,N13)),"命中","未命中")))
A14: 13 | B14: 2026013 | C14: 蛇 01 | E14: 127 | F14: =IF(COUNTA(D14:E14)=0,"",N(D14)-N(E14)) | G14: =IFERROR(VLOOKUP($B14,'开奖记录'!$A:$K,2,FALSE),"") | H14: =IFERROR(VLOOKUP($B14,'开奖记录'!$A:$K,9,FALSE),"") | I14: =IFERROR(VLOOKUP($B14,'开奖记录'!$A:$K,11,FALSE),"") | J14: =IF($B14="","",IF(ISNUMBER($D14),"命中",IF(ISNUMBER($E14),"未命中",""))) | L14: =IFERROR(TEXT(VLOOKUP($B14-1,开奖记录!$A:$L,3,FALSE),"00")&"+5="&VLOOKUP(MOD(VLOOKUP($B14-1,开奖记录!$A:$L,3,FALSE)+4,49)+1,规律参数!$A:$C,3,FALSE),"") | M14: =IF(L14="","",IF(I14="","待开奖",IF(ISNUMBER(SEARCH(I14,L14)),"命中","未命中"))) | N14: =IFERROR(VLOOKUP(VLOOKUP($B14-1,开奖记录!$A:$L,11,FALSE),八肖参数!$A:$B,2,FALSE),"") | O14: =IF(N14="","",IF(I14="","待开奖",IF(ISNUMBER(SEARCH(I14,N14)),"命中","未命中")))
A15: 14 | B15: 2026014 | C15: 龙26 | E15: 750 | F15: =IF(COUNTA(D15:E15)=0,"",N(D15)-N(E15)) | G15: =IFERROR(VLOOKUP($B15,'开奖记录'!$A:$K,2,FALSE),"") | H15: =IFERROR(VLOOKUP($B15,'开奖记录'!$A:$K,9,FALSE),"") | I15: =IFERROR(VLOOKUP($B15,'开奖记录'!$A:$K,11,FALSE),"") | J15: =IF($B15="","",IF(ISNUMBER($D15),"命中",IF(ISNUMBER($E15),"未命中",""))) | L15: =IFERROR(TEXT(VLOOKUP($B15-1,开奖记录!$A:$L,3,FALSE),"00")&"+5="&VLOOKUP(MOD(VLOOKUP($B15-1,开奖记录!$A:$L,3,FALSE)+4,49)+1,规律参数!$A:$C,3,FALSE),"") | M15: =IF(L15="","",IF(I15="","待开奖",IF(ISNUMBER(SEARCH(I15,L15)),"命中","未命中"))) | N15: =IFERROR(VLOOKUP(VLOOKUP($B15-1,开奖记录!$A:$L,11,FALSE),八肖参数!$A:$B,2,FALSE),"") | O15: =IF(N15="","",IF(I15="","待开奖",IF(ISNUMBER(SEARCH(I15,N15)),"命中","未命中")))
A16: 15 | B16: 2026015 | C16: 猪31 | D16: 120 | F16: =IF(COUNTA(D16:E16)=0,"",N(D16)-N(E16)) | G16: =IFERROR(VLOOKUP($B16,'开奖记录'!$A:$K,2,FALSE),"") | H16: =IFERROR(VLOOKUP($B16,'开奖记录'!$A:$K,9,FALSE),"") | I16: =IFERROR(VLOOKUP($B16,'开奖记录'!$A:$K,11,FALSE),"") | J16: =IF($B16="","",IF(ISNUMBER($D16),"命中",IF(ISNUMBER($E16),"未命中",""))) | L16: =IFERROR(TEXT(VLOOKUP($B16-1,开奖记录!$A:$L,3,FALSE),"00")&"+5="&VLOOKUP(MOD(VLOOKUP($B16-1,开奖记录!$A:$L,3,FALSE)+4,49)+1,规律参数!$A:$C,3,FALSE),"") | M16: =IF(L16="","",IF(I16="","待开奖",IF(ISNUMBER(SEARCH(I16,L16)),"命中","未命中"))) | N16: =IFERROR(VLOOKUP(VLOOKUP($B16-1,开奖记录!$A:$L,11,FALSE),八肖参数!$A:$B,2,FALSE),"") | O16: =IF(N16="","",IF(I16="","待开奖",IF(ISNUMBER(SEARCH(I16,N16)),"命中","未命中")))
A17: 16 | B17: 2026016 | C17: 鼠06 | E17: 60 | F17: =IF(COUNTA(D17:E17)=0,"",N(D17)-N(E17)) | G17: =IFERROR(VLOOKUP($B17,'开奖记录'!$A:$K,2,FALSE),"") | H17: =IFERROR(VLOOKUP($B17,'开奖记录'!$A:$K,9,FALSE),"") | I17: =IFERROR(VLOOKUP($B17,'开奖记录'!$A:$K,11,FALSE),"") | J17: =IF($B17="","",IF(ISNUMBER($D17),"命中",IF(ISNUMBER($E17),"未命中",""))) | L17: =IFERROR(TEXT(VLOOKUP($B17-1,开奖记录!$A:$L,3,FALSE),"00")&"+5="&VLOOKUP(MOD(VLOOKUP($B17-1,开奖记录!$A:$L,3,FALSE)+4,49)+1,规律参数!$A:$C,3,FALSE),"") | M17: =IF(L17="","",IF(I17="","待开奖",IF(ISNUMBER(SEARCH(I17,L17)),"命中","未命中"))) | N17: =IFERROR(VLOOKUP(VLOOKUP($B17-1,开奖记录!$A:$L,11,FALSE),八肖参数!$A:$B,2,FALSE),"") | O17: =IF(N17="","",IF(I17="","待开奖",IF(ISNUMBER(SEARCH(I17,N17)),"命中","未命中")))
A18: 17 | B18: 2026017 | C18: 狗32 | D18: 1145 | F18: =IF(COUNTA(D18:E18)=0,"",N(D18)-N(E18)) | G18: =IFERROR(VLOOKUP($B18,'开奖记录'!$A:$K,2,FALSE),"") | H18: =IFERROR(VLOOKUP($B18,'开奖记录'!$A:$K,9,FALSE),"") | I18: =IFERROR(VLOOKUP($B18,'开奖记录'!$A:$K,11,FALSE),"") | J18: =IF($B18="","",IF(ISNUMBER($D18),"命中",IF(ISNUMBER($E18),"未命中",""))) | L18: =IFERROR(TEXT(VLOOKUP($B18-1,开奖记录!$A:$L,3,FALSE),"00")&"+5="&VLOOKUP(MOD(VLOOKUP($B18-1,开奖记录!$A:$L,3,FALSE)+4,49)+1,规律参数!$A:$C,3,FALSE),"") | M18: =IF(L18="","",IF(I18="","待开奖",IF(ISNUMBER(SEARCH(I18,L18)),"命中","未命中"))) | N18: =IFERROR(VLOOKUP(VLOOKUP($B18-1,开奖记录!$A:$L,11,FALSE),八肖参数!$A:$B,2,FALSE),"") | O18: =IF(N18="","",IF(I18="","待开奖",IF(ISNUMBER(SEARCH(I18,N18)),"命中","未命中")))
A19: 18 | B19: 2026018 | C19: 兔39 | D19: 715 | F19: =IF(COUNTA(D19:E19)=0,"",N(D19)-N(E19)) | G19: =IFERROR(VLOOKUP($B19,'开奖记录'!$A:$K,2,FALSE),"") | H19: =IFERROR(VLOOKUP($B19,'开奖记录'!$A:$K,9,FALSE),"") | I19: =IFERROR(VLOOKUP($B19,'开奖记录'!$A:$K,11,FALSE),"") | J19: =IF($B19="","",IF(ISNUMBER($D19),"命中",IF(ISNUMBER($E19),"未命中",""))) | L19: =IFERROR(TEXT(VLOOKUP($B19-1,开奖记录!$A:$L,3,FALSE),"00")&"+5="&VLOOKUP(MOD(VLOOKUP($B19-1,开奖记录!$A:$L,3,FALSE)+4,49)+1,规律参数!$A:$C,3,FALSE),"") | M19: =IF(L19="","",IF(I19="","待开奖",IF(ISNUMBER(SEARCH(I19,L19)),"命中","未命中"))) | N19: =IFERROR(VLOOKUP(VLOOKUP($B19-1,开奖记录!$A:$L,11,FALSE),八肖参数!$A:$B,2,FALSE),"") | O19: =IF(N19="","",IF(I19="","待开奖",IF(ISNUMBER(SEARCH(I19,N19)),"命中","未命中")))
A20: 19 | B20: 2026019 | C20: 猴46 | E20: 815 | F20: =IF(COUNTA(D20:E20)=0,"",N(D20)-N(E20)) | G20: =IFERROR(VLOOKUP($B20,'开奖记录'!$A:$K,2,FALSE),"") | H20: =IFERROR(VLOOKUP($B20,'开奖记录'!$A:$K,9,FALSE),"") | I20: =IFERROR(VLOOKUP($B20,'开奖记录'!$A:$K,11,FALSE),"") | J20: =IF($B20="","",IF(ISNUMBER($D20),"命中",IF(ISNUMBER($E20),"未命中",""))) | L20: =IFERROR(TEXT(VLOOKUP($B20-1,开奖记录!$A:$L,3,FALSE),"00")&"+5="&VLOOKUP(MOD(VLOOKUP($B20-1,开奖记录!$A:$L,3,FALSE)+4,49)+1,规律参数!$A:$C,3,FALSE),"") | M20: =IF(L20="","",IF(I20="","待开奖",IF(ISNUMBER(SEARCH(I20,L20)),"命中","未命中"))) | N20: =IFERROR(VLOOKUP(VLOOKUP($B20-1,开奖记录!$A:$L,11,FALSE),八肖参数!$A:$B,2,FALSE),"") | O20: =IF(N20="","",IF(I20="","待开奖",IF(ISNUMBER(SEARCH(I20,N20)),"命中","未命中")))
A21: 20 | B21: 2026020 | C21: 马12 | E21: 910 | F21: =IF(COUNTA(D21:E21)=0,"",N(D21)-N(E21)) | G21: =IFERROR(VLOOKUP($B21,'开奖记录'!$A:$K,2,FALSE),"") | H21: =IFERROR(VLOOKUP($B21,'开奖记录'!$A:$K,9,FALSE),"") | I21: =IFERROR(VLOOKUP($B21,'开奖记录'!$A:$K,11,FALSE),"") | J21: =IF($B21="","",IF(ISNUMBER($D21),"命中",IF(ISNUMBER($E21),"未命中",""))) | L21: =IFERROR(TEXT(VLOOKUP($B21-1,开奖记录!$A:$L,3,FALSE),"00")&"+5="&VLOOKUP(MOD(VLOOKUP($B21-1,开奖记录!$A:$L,3,FALSE)+4,49)+1,规律参数!$A:$C,3,FALSE),"") | M21: =IF(L21="","",IF(I21="","待开奖",IF(ISNUMBER(SEARCH(I21,L21)),"命中","未命中"))) | N21: =IFERROR(VLOOKUP(VLOOKUP($B21-1,开奖记录!$A:$L,11,FALSE),八肖参数!$A:$B,2,FALSE),"") | O21: =IF(N21="","",IF(I21="","待开奖",IF(ISNUMBER(SEARCH(I21,N21)),"命中","未命中")))
A22: 21 | B22: 2026021 | C22: 鼠42 | D22: 1510 | F22: =IF(COUNTA(D22:E22)=0,"",N(D22)-N(E22)) | G22: =IFERROR(VLOOKUP($B22,'开奖记录'!$A:$K,2,FALSE),"") | H22: =IFERROR(VLOOKUP($B22,'开奖记录'!$A:$K,9,FALSE),"") | I22: =IFERROR(VLOOKUP($B22,'开奖记录'!$A:$K,11,FALSE),"") | J22: =IF($B22="","",IF(ISNUMBER($D22),"命中",IF(ISNUMBER($E22),"未命中",""))) | L22: =IFERROR(TEXT(VLOOKUP($B22-1,开奖记录!$A:$L,3,FALSE),"00")&"+5="&VLOOKUP(MOD(VLOOKUP($B22-1,开奖记录!$A:$L,3,FALSE)+4,49)+1,规律参数!$A:$C,3,FALSE),"") | M22: =IF(L22="","",IF(I22="","待开奖",IF(ISNUMBER(SEARCH(I22,L22)),"命中","未命中"))) | N22: =IFERROR(VLOOKUP(VLOOKUP($B22-1,开奖记录!$A:$L,11,FALSE),八肖参数!$A:$B,2,FALSE),"") | O22: =IF(N22="","",IF(I22="","待开奖",IF(ISNUMBER(SEARCH(I22,N22)),"命中","未命中")))
A23: 22 | B23: 2026022 | C23: 鼠18 | E23: 1060 | F23: =IF(COUNTA(D23:E23)=0,"",N(D23)-N(E23)) | G23: =IFERROR(VLOOKUP($B23,'开奖记录'!$A:$K,2,FALSE),"") | H23: =IFERROR(VLOOKUP($B23,'开奖记录'!$A:$K,9,FALSE),"") | I23: =IFERROR(VLOOKUP($B23,'开奖记录'!$A:$K,11,FALSE),"") | J23: =IF($B23="","",IF(ISNUMBER($D23),"命中",IF(ISNUMBER($E23),"未命中",""))) | L23: =IFERROR(TEXT(VLOOKUP($B23-1,开奖记录!$A:$L,3,FALSE),"00")&"+5="&VLOOKUP(MOD(VLOOKUP($B23-1,开奖记录!$A:$L,3,FALSE)+4,49)+1,规律参数!$A:$C,3,FALSE),"") | M23: =IF(L23="","",IF(I23="","待开奖",IF(ISNUMBER(SEARCH(I23,L23)),"命中","未命中"))) | N23: =IFERROR(VLOOKUP(VLOOKUP($B23-1,开奖记录!$A:$L,11,FALSE),八肖参数!$A:$B,2,FALSE),"") | O23: =IF(N23="","",IF(I23="","待开奖",IF(ISNUMBER(SEARCH(I23,N23)),"命中","未命中")))
A24: 23 | B24: 2026023 | C24: 羊47 | D24: 2480 | F24: =IF(COUNTA(D24:E24)=0,"",N(D24)-N(E24)) | G24: =IFERROR(VLOOKUP($B24,'开奖记录'!$A:$K,2,FALSE),"") | H24: =IFERROR(VLOOKUP($B24,'开奖记录'!$A:$K,9,FALSE),"") | I24: =IFERROR(VLOOKUP($B24,'开奖记录'!$A:$K,11,FALSE),"") | J24: =IF($B24="","",IF(ISNUMBER($D24),"命中",IF(ISNUMBER($E24),"未命中",""))) | L24: =IFERROR(TEXT(VLOOKUP($B24-1,开奖记录!$A:$L,3,FALSE),"00")&"+5="&VLOOKUP(MOD(VLOOKUP($B24-1,开奖记录!$A:$L,3,FALSE)+4,49)+1,规律参数!$A:$C,3,FALSE),"") | M24: =IF(L24="","",IF(I24="","待开奖",IF(ISNUMBER(SEARCH(I24,L24)),"命中","未命中"))) | N24: =IFERROR(VLOOKUP(VLOOKUP($B24-1,开奖记录!$A:$L,11,FALSE),八肖参数!$A:$B,2,FALSE),"") | O24: =IF(N24="","",IF(I24="","待开奖",IF(ISNUMBER(SEARCH(I24,N24)),"命中","未命中")))
A25: 24 | B25: 2026024 | C25: 虎 28 | D25: 1425 | F25: =IF(COUNTA(D25:E25)=0,"",N(D25)-N(E25)) | G25: =IFERROR(VLOOKUP($B25,'开奖记录'!$A:$K,2,FALSE),"") | H25: =IFERROR(VLOOKUP($B25,'开奖记录'!$A:$K,9,FALSE),"") | I25: =IFERROR(VLOOKUP($B25,'开奖记录'!$A:$K,11,FALSE),"") | J25: =IF($B25="","",IF(ISNUMBER($D25),"命中",IF(ISNUMBER($E25),"未命中",""))) | L25: =IFERROR(TEXT(VLOOKUP($B25-1,开奖记录!$A:$L,3,FALSE),"00")&"+5="&VLOOKUP(MOD(VLOOKUP($B25-1,开奖记录!$A:$L,3,FALSE)+4,49)+1,规律参数!$A:$C,3,FALSE),"") | M25: =IF(L25="","",IF(I25="","待开奖",IF(ISNUMBER(SEARCH(I25,L25)),"命中","未命中"))) | N25: =IFERROR(VLOOKUP(VLOOKUP($B25-1,开奖记录!$A:$L,11,FALSE),八肖参数!$A:$B,2,FALSE),"") | O25: =IF(N25="","",IF(I25="","待开奖",IF(ISNUMBER(SEARCH(I25,N25)),"命中","未命中")))
A26: 25 | B26: 2026025 | C26: 蛇37 | E26: 1250 | F26: =IF(COUNTA(D26:E26)=0,"",N(D26)-N(E26)) | G26: =IFERROR(VLOOKUP($B26,'开奖记录'!$A:$K,2,FALSE),"") | H26: =IFERROR(VLOOKUP($B26,'开奖记录'!$A:$K,9,FALSE),"") | I26: =IFERROR(VLOOKUP($B26,'开奖记录'!$A:$K,11,FALSE),"") | J26: =IF($B26="","",IF(ISNUMBER($D26),"命中",IF(ISNUMBER($E26),"未命中",""))) | L26: =IFERROR(TEXT(VLOOKUP($B26-1,开奖记录!$A:$L,3,FALSE),"00")&"+5="&VLOOKUP(MOD(VLOOKUP($B26-1,开奖记录!$A:$L,3,FALSE)+4,49)+1,规律参数!$A:$C,3,FALSE),"") | M26: =IF(L26="","",IF(I26="","待开奖",IF(ISNUMBER(SEARCH(I26,L26)),"命中","未命中"))) | N26: =IFERROR(VLOOKUP(VLOOKUP($B26-1,开奖记录!$A:$L,11,FALSE),八肖参数!$A:$B,2,FALSE),"") | O26: =IF(N26="","",IF(I26="","待开奖",IF(ISNUMBER(SEARCH(I26,N26)),"命中","未命中")))
A27: 26 | B27: 2026026 | C27: 猪19 | D27: 1175 | F27: =IF(COUNTA(D27:E27)=0,"",N(D27)-N(E27)) | G27: =IFERROR(VLOOKUP($B27,'开奖记录'!$A:$K,2,FALSE),"") | H27: =IFERROR(VLOOKUP($B27,'开奖记录'!$A:$K,9,FALSE),"") | I27: =IFERROR(VLOOKUP($B27,'开奖记录'!$A:$K,11,FALSE),"") | J27: =IF($B27="","",IF(ISNUMBER($D27),"命中",IF(ISNUMBER($E27),"未命中",""))) | L27: =IFERROR(TEXT(VLOOKUP($B27-1,开奖记录!$A:$L,3,FALSE),"00")&"+5="&VLOOKUP(MOD(VLOOKUP($B27-1,开奖记录!$A:$L,3,FALSE)+4,49)+1,规律参数!$A:$C,3,FALSE),"") | M27: =IF(L27="","",IF(I27="","待开奖",IF(ISNUMBER(SEARCH(I27,L27)),"命中","未命中"))) | N27: =IFERROR(VLOOKUP(VLOOKUP($B27-1,开奖记录!$A:$L,11,FALSE),八肖参数!$A:$B,2,FALSE),"") | O27: =IF(N27="","",IF(I27="","待开奖",IF(ISNUMBER(SEARCH(I27,N27)),"命中","未命中")))
A28: 27 | B28: 2026027 | C28: 鸡 45 | D28: 2670 | F28: =IF(COUNTA(D28:E28)=0,"",N(D28)-N(E28)) | G28: =IFERROR(VLOOKUP($B28,'开奖记录'!$A:$K,2,FALSE),"") | H28: =IFERROR(VLOOKUP($B28,'开奖记录'!$A:$K,9,FALSE),"") | I28: =IFERROR(VLOOKUP($B28,'开奖记录'!$A:$K,11,FALSE),"") | J28: =IF($B28="","",IF(ISNUMBER($D28),"命中",IF(ISNUMBER($E28),"未命中",""))) | L28: =IFERROR(TEXT(VLOOKUP($B28-1,开奖记录!$A:$L,3,FALSE),"00")&"+5="&VLOOKUP(MOD(VLOOKUP($B28-1,开奖记录!$A:$L,3,FALSE)+4,49)+1,规律参数!$A:$C,3,FALSE),"") | M28: =IF(L28="","",IF(I28="","待开奖",IF(ISNUMBER(SEARCH(I28,L28)),"命中","未命中"))) | N28: =IFERROR(VLOOKUP(VLOOKUP($B28-1,开奖记录!$A:$L,11,FALSE),八肖参数!$A:$B,2,FALSE),"") | O28: =IF(N28="","",IF(I28="","待开奖",IF(ISNUMBER(SEARCH(I28,N28)),"命中","未命中")))
A29: 28 | B29: 2026028 | C29: 兔03 | E29: 1320 | F29: =IF(COUNTA(D29:E29)=0,"",N(D29)-N(E29)) | G29: =IFERROR(VLOOKUP($B29,'开奖记录'!$A:$K,2,FALSE),"") | H29: =IFERROR(VLOOKUP($B29,'开奖记录'!$A:$K,9,FALSE),"") | I29: =IFERROR(VLOOKUP($B29,'开奖记录'!$A:$K,11,FALSE),"") | J29: =IF($B29="","",IF(ISNUMBER($D29),"命中",IF(ISNUMBER($E29),"未命中",""))) | L29: =IFERROR(TEXT(VLOOKUP($B29-1,开奖记录!$A:$L,3,FALSE),"00")&"+5="&VLOOKUP(MOD(VLOOKUP($B29-1,开奖记录!$A:$L,3,FALSE)+4,49)+1,规律参数!$A:$C,3,FALSE),"") | M29: =IF(L29="","",IF(I29="","待开奖",IF(ISNUMBER(SEARCH(I29,L29)),"命中","未命中"))) | N29: =IFERROR(VLOOKUP(VLOOKUP($B29-1,开奖记录!$A:$L,11,FALSE),八肖参数!$A:$B,2,FALSE),"") | O29: =IF(N29="","",IF(I29="","待开奖",IF(ISNUMBER(SEARCH(I29,N29)),"命中","未命中")))
A30: 29 | B30: 2026029 | C30: 蛇 01 | E30: 1170 | F30: =IF(COUNTA(D30:E30)=0,"",N(D30)-N(E30)) | G30: =IFERROR(VLOOKUP($B30,'开奖记录'!$A:$K,2,FALSE),"") | H30: =IFERROR(VLOOKUP($B30,'开奖记录'!$A:$K,9,FALSE),"") | I30: =IFERROR(VLOOKUP($B30,'开奖记录'!$A:$K,11,FALSE),"") | J30: =IF($B30="","",IF(ISNUMBER($D30),"命中",IF(ISNUMBER($E30),"未命中",""))) | L30: =IFERROR(TEXT(VLOOKUP($B30-1,开奖记录!$A:$L,3,FALSE),"00")&"+5="&VLOOKUP(MOD(VLOOKUP($B30-1,开奖记录!$A:$L,3,FALSE)+4,49)+1,规律参数!$A:$C,3,FALSE),"") | M30: =IF(L30="","",IF(I30="","待开奖",IF(ISNUMBER(SEARCH(I30,L30)),"命中","未命中"))) | N30: =IFERROR(VLOOKUP(VLOOKUP($B30-1,开奖记录!$A:$L,11,FALSE),八肖参数!$A:$B,2,FALSE),"") | O30: =IF(N30="","",IF(I30="","待开奖",IF(ISNUMBER(SEARCH(I30,N30)),"命中","未命中")))
A31: 30 | B31: 2026030 | C31: 牛 41 | D31: 130 | F31: =IF(COUNTA(D31:E31)=0,"",N(D31)-N(E31)) | G31: =IFERROR(VLOOKUP($B31,'开奖记录'!$A:$K,2,FALSE),"") | H31: =IFERROR(VLOOKUP($B31,'开奖记录'!$A:$K,9,FALSE),"") | I31: =IFERROR(VLOOKUP($B31,'开奖记录'!$A:$K,11,FALSE),"") | J31: =IF($B31="","",IF(ISNUMBER($D31),"命中",IF(ISNUMBER($E31),"未命中",""))) | L31: =IFERROR(TEXT(VLOOKUP($B31-1,开奖记录!$A:$L,3,FALSE),"00")&"+5="&VLOOKUP(MOD(VLOOKUP($B31-1,开奖记录!$A:$L,3,FALSE)+4,49)+1,规律参数!$A:$C,3,FALSE),"") | M31: =IF(L31="","",IF(I31="","待开奖",IF(ISNUMBER(SEARCH(I31,L31)),"命中","未命中"))) | N31: =IFERROR(VLOOKUP(VLOOKUP($B31-1,开奖记录!$A:$L,11,FALSE),八肖参数!$A:$B,2,FALSE),"") | O31: =IF(N31="","",IF(I31="","待开奖",IF(ISNUMBER(SEARCH(I31,N31)),"命中","未命中")))
A32: 31 | B32: 2026031 | C32: 龙26 | D32: 25 | F32: =IF(COUNTA(D32:E32)=0,"",N(D32)-N(E32)) | G32: =IFERROR(VLOOKUP($B32,'开奖记录'!$A:$K,2,FALSE),"") | H32: =IFERROR(VLOOKUP($B32,'开奖记录'!$A:$K,9,FALSE),"") | I32: =IFERROR(VLOOKUP($B32,'开奖记录'!$A:$K,11,FALSE),"") | J32: =IF($B32="","",IF(ISNUMBER($D32),"命中",IF(ISNUMBER($E32),"未命中",""))) | L32: =IFERROR(TEXT(VLOOKUP($B32-1,开奖记录!$A:$L,3,FALSE),"00")&"+5="&VLOOKUP(MOD(VLOOKUP($B32-1,开奖记录!$A:$L,3,FALSE)+4,49)+1,规律参数!$A:$C,3,FALSE),"") | M32: =IF(L32="","",IF(I32="","待开奖",IF(ISNUMBER(SEARCH(I32,L32)),"命中","未命中"))) | N32: =IFERROR(VLOOKUP(VLOOKUP($B32-1,开奖记录!$A:$L,11,FALSE),八肖参数!$A:$B,2,FALSE),"") | O32: =IF(N32="","",IF(I32="","待开奖",IF(ISNUMBER(SEARCH(I32,N32)),"命中","未命中")))
A33: 32 | B33: 2026032 | C33: 鼠06 | E33: 750 | F33: =IF(COUNTA(D33:E33)=0,"",N(D33)-N(E33)) | G33: =IFERROR(VLOOKUP($B33,'开奖记录'!$A:$K,2,FALSE),"") | H33: =IFERROR(VLOOKUP($B33,'开奖记录'!$A:$K,9,FALSE),"") | I33: =IFERROR(VLOOKUP($B33,'开奖记录'!$A:$K,11,FALSE),"") | J33: =IF($B33="","",IF(ISNUMBER($D33),"命中",IF(ISNUMBER($E33),"未命中",""))) | L33: =IFERROR(TEXT(VLOOKUP($B33-1,开奖记录!$A:$L,3,FALSE),"00")&"+5="&VLOOKUP(MOD(VLOOKUP($B33-1,开奖记录!$A:$L,3,FALSE)+4,49)+1,规律参数!$A:$C,3,FALSE),"") | M33: =IF(L33="","",IF(I33="","待开奖",IF(ISNUMBER(SEARCH(I33,L33)),"命中","未命中"))) | N33: =IFERROR(VLOOKUP(VLOOKUP($B33-1,开奖记录!$A:$L,11,FALSE),八肖参数!$A:$B,2,FALSE),"") | O33: =IF(N33="","",IF(I33="","待开奖",IF(ISNUMBER(SEARCH(I33,N33)),"命中","未命中")))
A34: 33 | B34: 2026033 | C34: 牛 41 | E34: 650 | F34: =IF(COUNTA(D34:E34)=0,"",N(D34)-N(E34)) | G34: =IFERROR(VLOOKUP($B34,'开奖记录'!$A:$K,2,FALSE),"") | H34: =IFERROR(VLOOKUP($B34,'开奖记录'!$A:$K,9,FALSE),"") | I34: =IFERROR(VLOOKUP($B34,'开奖记录'!$A:$K,11,FALSE),"") | J34: =IF($B34="","",IF(ISNUMBER($D34),"命中",IF(ISNUMBER($E34),"未命中",""))) | L34: =IFERROR(TEXT(VLOOKUP($B34-1,开奖记录!$A:$L,3,FALSE),"00")&"+5="&VLOOKUP(MOD(VLOOKUP($B34-1,开奖记录!$A:$L,3,FALSE)+4,49)+1,规律参数!$A:$C,3,FALSE),"") | M34: =IF(L34="","",IF(I34="","待开奖",IF(ISNUMBER(SEARCH(I34,L34)),"命中","未命中"))) | N34: =IFERROR(VLOOKUP(VLOOKUP($B34-1,开奖记录!$A:$L,11,FALSE),八肖参数!$A:$B,2,FALSE),"") | O34: =IF(N34="","",IF(I34="","待开奖",IF(ISNUMBER(SEARCH(I34,N34)),"命中","未命中")))
A35: 34 | B35: 2026034 | C35: 猪19 | E35: 940 | F35: =IF(COUNTA(D35:E35)=0,"",N(D35)-N(E35)) | G35: =IFERROR(VLOOKUP($B35,'开奖记录'!$A:$K,2,FALSE),"") | H35: =IFERROR(VLOOKUP($B35,'开奖记录'!$A:$K,9,FALSE),"") | I35: =IFERROR(VLOOKUP($B35,'开奖记录'!$A:$K,11,FALSE),"") | J35: =IF($B35="","",IF(ISNUMBER($D35),"命中",IF(ISNUMBER($E35),"未命中",""))) | L35: =IFERROR(TEXT(VLOOKUP($B35-1,开奖记录!$A:$L,3,FALSE),"00")&"+5="&VLOOKUP(MOD(VLOOKUP($B35-1,开奖记录!$A:$L,3,FALSE)+4,49)+1,规律参数!$A:$C,3,FALSE),"") | M35: =IF(L35="","",IF(I35="","待开奖",IF(ISNUMBER(SEARCH(I35,L35)),"命中","未命中"))) | N35: =IFERROR(VLOOKUP(VLOOKUP($B35-1,开奖记录!$A:$L,11,FALSE),八肖参数!$A:$B,2,FALSE),"") | O35: =IF(N35="","",IF(I35="","待开奖",IF(ISNUMBER(SEARCH(I35,N35)),"命中","未命中")))
A36: 35 | B36: 2026035 | C36: 兔 27 | E36: 540 | F36: =IF(COUNTA(D36:E36)=0,"",N(D36)-N(E36)) | G36: =IFERROR(VLOOKUP($B36,'开奖记录'!$A:$K,2,FALSE),"") | H36: =IFERROR(VLOOKUP($B36,'开奖记录'!$A:$K,9,FALSE),"") | I36: =IFERROR(VLOOKUP($B36,'开奖记录'!$A:$K,11,FALSE),"") | J36: =IF($B36="","",IF(ISNUMBER($D36),"命中",IF(ISNUMBER($E36),"未命中",""))) | L36: =IFERROR(TEXT(VLOOKUP($B36-1,开奖记录!$A:$L,3,FALSE),"00")&"+5="&VLOOKUP(MOD(VLOOKUP($B36-1,开奖记录!$A:$L,3,FALSE)+4,49)+1,规律参数!$A:$C,3,FALSE),"") | M36: =IF(L36="","",IF(I36="","待开奖",IF(ISNUMBER(SEARCH(I36,L36)),"命中","未命中"))) | N36: =IFERROR(VLOOKUP(VLOOKUP($B36-1,开奖记录!$A:$L,11,FALSE),八肖参数!$A:$B,2,FALSE),"") | O36: =IF(N36="","",IF(I36="","待开奖",IF(ISNUMBER(SEARCH(I36,N36)),"命中","未命中")))
A37: 36 | B37: 2026036 | C37: 蛇 01 | E37: 480 | F37: =IF(COUNTA(D37:E37)=0,"",N(D37)-N(E37)) | G37: =IFERROR(VLOOKUP($B37,'开奖记录'!$A:$K,2,FALSE),"") | H37: =IFERROR(VLOOKUP($B37,'开奖记录'!$A:$K,9,FALSE),"") | I37: =IFERROR(VLOOKUP($B37,'开奖记录'!$A:$K,11,FALSE),"") | J37: =IF($B37="","",IF(ISNUMBER($D37),"命中",IF(ISNUMBER($E37),"未命中",""))) | L37: =IFERROR(TEXT(VLOOKUP($B37-1,开奖记录!$A:$L,3,FALSE),"00")&"+5="&VLOOKUP(MOD(VLOOKUP($B37-1,开奖记录!$A:$L,3,FALSE)+4,49)+1,规律参数!$A:$C,3,FALSE),"") | M37: =IF(L37="","",IF(I37="","待开奖",IF(ISNUMBER(SEARCH(I37,L37)),"命中","未命中"))) | N37: =IFERROR(VLOOKUP(VLOOKUP($B37-1,开奖记录!$A:$L,11,FALSE),八肖参数!$A:$B,2,FALSE),"") | O37: =IF(N37="","",IF(I37="","待开奖",IF(ISNUMBER(SEARCH(I37,N37)),"命中","未命中")))
A38: 37 | B38: 2026037 | C38: 猪 43 | F38: =IF(COUNTA(D38:E38)=0,"",N(D38)-N(E38)) | G38: =IFERROR(VLOOKUP($B38,'开奖记录'!$A:$K,2,FALSE),"") | H38: =IFERROR(VLOOKUP($B38,'开奖记录'!$A:$K,9,FALSE),"") | I38: =IFERROR(VLOOKUP($B38,'开奖记录'!$A:$K,11,FALSE),"") | J38: =IF($B38="","",IF(ISNUMBER($D38),"命中",IF(ISNUMBER($E38),"未命中",""))) | L38: =IFERROR(TEXT(VLOOKUP($B38-1,开奖记录!$A:$L,3,FALSE),"00")&"+5="&VLOOKUP(MOD(VLOOKUP($B38-1,开奖记录!$A:$L,3,FALSE)+4,49)+1,规律参数!$A:$C,3,FALSE),"") | M38: =IF(L38="","",IF(I38="","待开奖",IF(ISNUMBER(SEARCH(I38,L38)),"命中","未命中"))) | N38: =IFERROR(VLOOKUP(VLOOKUP($B38-1,开奖记录!$A:$L,11,FALSE),八肖参数!$A:$B,2,FALSE),"") | O38: =IF(N38="","",IF(I38="","待开奖",IF(ISNUMBER(SEARCH(I38,N38)),"命中","未命中")))
A39: 38 | B39: 2026038 | C39: 鼠42 | E39: 470 | F39: =IF(COUNTA(D39:E39)=0,"",N(D39)-N(E39)) | G39: =IFERROR(VLOOKUP($B39,'开奖记录'!$A:$K,2,FALSE),"") | H39: =IFERROR(VLOOKUP($B39,'开奖记录'!$A:$K,9,FALSE),"") | I39: =IFERROR(VLOOKUP($B39,'开奖记录'!$A:$K,11,FALSE),"") | J39: =IF($B39="","",IF(ISNUMBER($D39),"命中",IF(ISNUMBER($E39),"未命中",""))) | L39: =IFERROR(TEXT(VLOOKUP($B39-1,开奖记录!$A:$L,3,FALSE),"00")&"+5="&VLOOKUP(MOD(VLOOKUP($B39-1,开奖记录!$A:$L,3,FALSE)+4,49)+1,规律参数!$A:$C,3,FALSE),"") | M39: =IF(L39="","",IF(I39="","待开奖",IF(ISNUMBER(SEARCH(I39,L39)),"命中","未命中"))) | N39: =IFERROR(VLOOKUP(VLOOKUP($B39-1,开奖记录!$A:$L,11,FALSE),八肖参数!$A:$B,2,FALSE),"") | O39: =IF(N39="","",IF(I39="","待开奖",IF(ISNUMBER(SEARCH(I39,N39)),"命中","未命中")))
A40: 39 | B40: 2026039 | C40: 羊 11 | E40: 195 | F40: =IF(COUNTA(D40:E40)=0,"",N(D40)-N(E40)) | G40: =IFERROR(VLOOKUP($B40,'开奖记录'!$A:$K,2,FALSE),"") | H40: =IFERROR(VLOOKUP($B40,'开奖记录'!$A:$K,9,FALSE),"") | I40: =IFERROR(VLOOKUP($B40,'开奖记录'!$A:$K,11,FALSE),"") | J40: =IF($B40="","",IF(ISNUMBER($D40),"命中",IF(ISNUMBER($E40),"未命中",""))) | L40: =IFERROR(TEXT(VLOOKUP($B40-1,开奖记录!$A:$L,3,FALSE),"00")&"+5="&VLOOKUP(MOD(VLOOKUP($B40-1,开奖记录!$A:$L,3,FALSE)+4,49)+1,规律参数!$A:$C,3,FALSE),"") | M40: =IF(L40="","",IF(I40="","待开奖",IF(ISNUMBER(SEARCH(I40,L40)),"命中","未命中"))) | N40: =IFERROR(VLOOKUP(VLOOKUP($B40-1,开奖记录!$A:$L,11,FALSE),八肖参数!$A:$B,2,FALSE),"") | O40: =IF(N40="","",IF(I40="","待开奖",IF(ISNUMBER(SEARCH(I40,N40)),"命中","未命中")))
A41: 40 | B41: 2026040 | C41: 虎 28 | D41: 210 | F41: =IF(COUNTA(D41:E41)=0,"",N(D41)-N(E41)) | G41: =IFERROR(VLOOKUP($B41,'开奖记录'!$A:$K,2,FALSE),"") | H41: =IFERROR(VLOOKUP($B41,'开奖记录'!$A:$K,9,FALSE),"") | I41: =IFERROR(VLOOKUP($B41,'开奖记录'!$A:$K,11,FALSE),"") | J41: =IF($B41="","",IF(ISNUMBER($D41),"命中",IF(ISNUMBER($E41),"未命中",""))) | L41: =IFERROR(TEXT(VLOOKUP($B41-1,开奖记录!$A:$L,3,FALSE),"00")&"+5="&VLOOKUP(MOD(VLOOKUP($B41-1,开奖记录!$A:$L,3,FALSE)+4,49)+1,规律参数!$A:$C,3,FALSE),"") | M41: =IF(L41="","",IF(I41="","待开奖",IF(ISNUMBER(SEARCH(I41,L41)),"命中","未命中"))) | N41: =IFERROR(VLOOKUP(VLOOKUP($B41-1,开奖记录!$A:$L,11,FALSE),八肖参数!$A:$B,2,FALSE),"") | O41: =IF(N41="","",IF(I41="","待开奖",IF(ISNUMBER(SEARCH(I41,N41)),"命中","未命中")))
A42: 41 | B42: 2026041 | C42: 马48 | D42: 825 | F42: =IF(COUNTA(D42:E42)=0,"",N(D42)-N(E42)) | G42: =IFERROR(VLOOKUP($B42,'开奖记录'!$A:$K,2,FALSE),"") | H42: =IFERROR(VLOOKUP($B42,'开奖记录'!$A:$K,9,FALSE),"") | I42: =IFERROR(VLOOKUP($B42,'开奖记录'!$A:$K,11,FALSE),"") | J42: =IF($B42="","",IF(ISNUMBER($D42),"命中",IF(ISNUMBER($E42),"未命中",""))) | L42: =IFERROR(TEXT(VLOOKUP($B42-1,开奖记录!$A:$L,3,FALSE),"00")&"+5="&VLOOKUP(MOD(VLOOKUP($B42-1,开奖记录!$A:$L,3,FALSE)+4,49)+1,规律参数!$A:$C,3,FALSE),"") | M42: =IF(L42="","",IF(I42="","待开奖",IF(ISNUMBER(SEARCH(I42,L42)),"命中","未命中"))) | N42: =IFERROR(VLOOKUP(VLOOKUP($B42-1,开奖记录!$A:$L,11,FALSE),八肖参数!$A:$B,2,FALSE),"") | O42: =IF(N42="","",IF(I42="","待开奖",IF(ISNUMBER(SEARCH(I42,N42)),"命中","未命中")))
A43: 42 | B43: 2026042 | C43: 虎16 | D43: 1070 | F43: =IF(COUNTA(D43:E43)=0,"",N(D43)-N(E43)) | G43: =IFERROR(VLOOKUP($B43,'开奖记录'!$A:$K,2,FALSE),"") | H43: =IFERROR(VLOOKUP($B43,'开奖记录'!$A:$K,9,FALSE),"") | I43: =IFERROR(VLOOKUP($B43,'开奖记录'!$A:$K,11,FALSE),"") | J43: =IF($B43="","",IF(ISNUMBER($D43),"命中",IF(ISNUMBER($E43),"未命中",""))) | L43: =IFERROR(TEXT(VLOOKUP($B43-1,开奖记录!$A:$L,3,FALSE),"00")&"+5="&VLOOKUP(MOD(VLOOKUP($B43-1,开奖记录!$A:$L,3,FALSE)+4,49)+1,规律参数!$A:$C,3,FALSE),"") | M43: =IF(L43="","",IF(I43="","待开奖",IF(ISNUMBER(SEARCH(I43,L43)),"命中","未命中"))) | N43: =IFERROR(VLOOKUP(VLOOKUP($B43-1,开奖记录!$A:$L,11,FALSE),八肖参数!$A:$B,2,FALSE),"") | O43: =IF(N43="","",IF(I43="","待开奖",IF(ISNUMBER(SEARCH(I43,N43)),"命中","未命中")))
A44: 43 | B44: 2026043 | C44: 蛇 13 | D44: 2680 | F44: =IF(COUNTA(D44:E44)=0,"",N(D44)-N(E44)) | G44: =IFERROR(VLOOKUP($B44,'开奖记录'!$A:$K,2,FALSE),"") | H44: =IFERROR(VLOOKUP($B44,'开奖记录'!$A:$K,9,FALSE),"") | I44: =IFERROR(VLOOKUP($B44,'开奖记录'!$A:$K,11,FALSE),"") | J44: =IF($B44="","",IF(ISNUMBER($D44),"命中",IF(ISNUMBER($E44),"未命中",""))) | L44: =IFERROR(TEXT(VLOOKUP($B44-1,开奖记录!$A:$L,3,FALSE),"00")&"+5="&VLOOKUP(MOD(VLOOKUP($B44-1,开奖记录!$A:$L,3,FALSE)+4,49)+1,规律参数!$A:$C,3,FALSE),"") | M44: =IF(L44="","",IF(I44="","待开奖",IF(ISNUMBER(SEARCH(I44,L44)),"命中","未命中"))) | N44: =IFERROR(VLOOKUP(VLOOKUP($B44-1,开奖记录!$A:$L,11,FALSE),八肖参数!$A:$B,2,FALSE),"") | O44: =IF(N44="","",IF(I44="","待开奖",IF(ISNUMBER(SEARCH(I44,N44)),"命中","未命中")))
A45: 44 | B45: 2026044 | C45: 猪19 | E45: 2740 | F45: =IF(COUNTA(D45:E45)=0,"",N(D45)-N(E45)) | G45: =IFERROR(VLOOKUP($B45,'开奖记录'!$A:$K,2,FALSE),"") | H45: =IFERROR(VLOOKUP($B45,'开奖记录'!$A:$K,9,FALSE),"") | I45: =IFERROR(VLOOKUP($B45,'开奖记录'!$A:$K,11,FALSE),"") | J45: =IF($B45="","",IF(ISNUMBER($D45),"命中",IF(ISNUMBER($E45),"未命中",""))) | L45: =IFERROR(TEXT(VLOOKUP($B45-1,开奖记录!$A:$L,3,FALSE),"00")&"+5="&VLOOKUP(MOD(VLOOKUP($B45-1,开奖记录!$A:$L,3,FALSE)+4,49)+1,规律参数!$A:$C,3,FALSE),"") | M45: =IF(L45="","",IF(I45="","待开奖",IF(ISNUMBER(SEARCH(I45,L45)),"命中","未命中"))) | N45: =IFERROR(VLOOKUP(VLOOKUP($B45-1,开奖记录!$A:$L,11,FALSE),八肖参数!$A:$B,2,FALSE),"") | O45: =IF(N45="","",IF(I45="","待开奖",IF(ISNUMBER(SEARCH(I45,N45)),"命中","未命中")))
A46: 45 | B46: 2026045 | C46: 蛇 01 | E46: 690 | F46: =IF(COUNTA(D46:E46)=0,"",N(D46)-N(E46)) | G46: =IFERROR(VLOOKUP($B46,'开奖记录'!$A:$K,2,FALSE),"") | H46: =IFERROR(VLOOKUP($B46,'开奖记录'!$A:$K,9,FALSE),"") | I46: =IFERROR(VLOOKUP($B46,'开奖记录'!$A:$K,11,FALSE),"") | J46: =IF($B46="","",IF(ISNUMBER($D46),"命中",IF(ISNUMBER($E46),"未命中",""))) | L46: =IFERROR(TEXT(VLOOKUP($B46-1,开奖记录!$A:$L,3,FALSE),"00")&"+5="&VLOOKUP(MOD(VLOOKUP($B46-1,开奖记录!$A:$L,3,FALSE)+4,49)+1,规律参数!$A:$C,3,FALSE),"") | M46: =IF(L46="","",IF(I46="","待开奖",IF(ISNUMBER(SEARCH(I46,L46)),"命中","未命中"))) | N46: =IFERROR(VLOOKUP(VLOOKUP($B46-1,开奖记录!$A:$L,11,FALSE),八肖参数!$A:$B,2,FALSE),"") | O46: =IF(N46="","",IF(I46="","待开奖",IF(ISNUMBER(SEARCH(I46,N46)),"命中","未命中")))
A47: 46 | B47: 2026046 | C47: 兔 03 | D47: 1120 | F47: =IF(COUNTA(D47:E47)=0,"",N(D47)-N(E47)) | G47: =IFERROR(VLOOKUP($B47,'开奖记录'!$A:$K,2,FALSE),"") | H47: =IFERROR(VLOOKUP($B47,'开奖记录'!$A:$K,9,FALSE),"") | I47: =IFERROR(VLOOKUP($B47,'开奖记录'!$A:$K,11,FALSE),"") | J47: =IF($B47="","",IF(ISNUMBER($D47),"命中",IF(ISNUMBER($E47),"未命中",""))) | L47: =IFERROR(TEXT(VLOOKUP($B47-1,开奖记录!$A:$L,3,FALSE),"00")&"+5="&VLOOKUP(MOD(VLOOKUP($B47-1,开奖记录!$A:$L,3,FALSE)+4,49)+1,规律参数!$A:$C,3,FALSE),"") | M47: =IF(L47="","",IF(I47="","待开奖",IF(ISNUMBER(SEARCH(I47,L47)),"命中","未命中"))) | N47: =IFERROR(VLOOKUP(VLOOKUP($B47-1,开奖记录!$A:$L,11,FALSE),八肖参数!$A:$B,2,FALSE),"") | O47: =IF(N47="","",IF(I47="","待开奖",IF(ISNUMBER(SEARCH(I47,N47)),"命中","未命中")))
A48: 47 | B48: 2026047 | C48: 兔39 | D48: 620 | F48: =IF(COUNTA(D48:E48)=0,"",N(D48)-N(E48)) | G48: =IFERROR(VLOOKUP($B48,'开奖记录'!$A:$K,2,FALSE),"") | H48: =IFERROR(VLOOKUP($B48,'开奖记录'!$A:$K,9,FALSE),"") | I48: =IFERROR(VLOOKUP($B48,'开奖记录'!$A:$K,11,FALSE),"") | J48: =IF($B48="","",IF(ISNUMBER($D48),"命中",IF(ISNUMBER($E48),"未命中",""))) | L48: =IFERROR(TEXT(VLOOKUP($B48-1,开奖记录!$A:$L,3,FALSE),"00")&"+5="&VLOOKUP(MOD(VLOOKUP($B48-1,开奖记录!$A:$L,3,FALSE)+4,49)+1,规律参数!$A:$C,3,FALSE),"") | M48: =IF(L48="","",IF(I48="","待开奖",IF(ISNUMBER(SEARCH(I48,L48)),"命中","未命中"))) | N48: =IFERROR(VLOOKUP(VLOOKUP($B48-1,开奖记录!$A:$L,11,FALSE),八肖参数!$A:$B,2,FALSE),"") | O48: =IF(N48="","",IF(I48="","待开奖",IF(ISNUMBER(SEARCH(I48,N48)),"命中","未命中")))
A49: 48 | B49: 2026048 | C49: 羊 24 | E49: 1200 | F49: =IF(COUNTA(D49:E49)=0,"",N(D49)-N(E49)) | G49: =IFERROR(VLOOKUP($B49,'开奖记录'!$A:$K,2,FALSE),"") | H49: =IFERROR(VLOOKUP($B49,'开奖记录'!$A:$K,9,FALSE),"") | I49: =IFERROR(VLOOKUP($B49,'开奖记录'!$A:$K,11,FALSE),"") | J49: =IF($B49="","",IF(ISNUMBER($D49),"命中",IF(ISNUMBER($E49),"未命中",""))) | L49: =IFERROR(TEXT(VLOOKUP($B49-1,开奖记录!$A:$L,3,FALSE),"00")&"+5="&VLOOKUP(MOD(VLOOKUP($B49-1,开奖记录!$A:$L,3,FALSE)+4,49)+1,规律参数!$A:$C,3,FALSE),"") | M49: =IF(L49="","",IF(I49="","待开奖",IF(ISNUMBER(SEARCH(I49,L49)),"命中","未命中"))) | N49: =IFERROR(VLOOKUP(VLOOKUP($B49-1,开奖记录!$A:$L,11,FALSE),八肖参数!$A:$B,2,FALSE),"") | O49: =IF(N49="","",IF(I49="","待开奖",IF(ISNUMBER(SEARCH(I49,N49)),"命中","未命中")))
A50: 49 | B50: 2026049 | C50: 马 13 | E50: 1150 | F50: =IF(COUNTA(D50:E50)=0,"",N(D50)-N(E50)) | G50: =IFERROR(VLOOKUP($B50,'开奖记录'!$A:$K,2,FALSE),"") | H50: =IFERROR(VLOOKUP($B50,'开奖记录'!$A:$K,9,FALSE),"") | I50: =IFERROR(VLOOKUP($B50,'开奖记录'!$A:$K,11,FALSE),"") | J50: =IF($B50="","",IF(ISNUMBER($D50),"命中",IF(ISNUMBER($E50),"未命中",""))) | L50: =IFERROR(TEXT(VLOOKUP($B50-1,开奖记录!$A:$L,3,FALSE),"00")&"+5="&VLOOKUP(MOD(VLOOKUP($B50-1,开奖记录!$A:$L,3,FALSE)+4,49)+1,规律参数!$A:$C,3,FALSE),"") | M50: =IF(L50="","",IF(I50="","待开奖",IF(ISNUMBER(SEARCH(I50,L50)),"命中","未命中"))) | N50: =IFERROR(VLOOKUP(VLOOKUP($B50-1,开奖记录!$A:$L,11,FALSE),八肖参数!$A:$B,2,FALSE),"") | O50: =IF(N50="","",IF(I50="","待开奖",IF(ISNUMBER(SEARCH(I50,N50)),"命中","未命中")))
A51: 50 | B51: 2026050 | C51: 猴 23 | E51: 700 | F51: =IF(COUNTA(D51:E51)=0,"",N(D51)-N(E51)) | G51: =IFERROR(VLOOKUP($B51,'开奖记录'!$A:$K,2,FALSE),"") | H51: =IFERROR(VLOOKUP($B51,'开奖记录'!$A:$K,9,FALSE),"") | I51: =IFERROR(VLOOKUP($B51,'开奖记录'!$A:$K,11,FALSE),"") | J51: =IF($B51="","",IF(ISNUMBER($D51),"命中",IF(ISNUMBER($E51),"未命中",""))) | L51: =IFERROR(TEXT(VLOOKUP($B51-1,开奖记录!$A:$L,3,FALSE),"00")&"+5="&VLOOKUP(MOD(VLOOKUP($B51-1,开奖记录!$A:$L,3,FALSE)+4,49)+1,规律参数!$A:$C,3,FALSE),"") | M51: =IF(L51="","",IF(I51="","待开奖",IF(ISNUMBER(SEARCH(I51,L51)),"命中","未命中"))) | N51: =IFERROR(VLOOKUP(VLOOKUP($B51-1,开奖记录!$A:$L,11,FALSE),八肖参数!$A:$B,2,FALSE),"") | O51: =IF(N51="","",IF(I51="","待开奖",IF(ISNUMBER(SEARCH(I51,N51)),"命中","未命中")))
A52: 51 | B52: 2026051 | C52: 马 01 | E52: 300 | F52: =IF(COUNTA(D52:E52)=0,"",N(D52)-N(E52)) | G52: =IFERROR(VLOOKUP($B52,'开奖记录'!$A:$K,2,FALSE),"") | H52: =IFERROR(VLOOKUP($B52,'开奖记录'!$A:$K,9,FALSE),"") | I52: =IFERROR(VLOOKUP($B52,'开奖记录'!$A:$K,11,FALSE),"") | J52: =IF($B52="","",IF(ISNUMBER($D52),"命中",IF(ISNUMBER($E52),"未命中",""))) | L52: =IFERROR(TEXT(VLOOKUP($B52-1,开奖记录!$A:$L,3,FALSE),"00")&"+5="&VLOOKUP(MOD(VLOOKUP($B52-1,开奖记录!$A:$L,3,FALSE)+4,49)+1,规律参数!$A:$C,3,FALSE),"") | M52: =IF(L52="","",IF(I52="","待开奖",IF(ISNUMBER(SEARCH(I52,L52)),"命中","未命中"))) | N52: =IFERROR(VLOOKUP(VLOOKUP($B52-1,开奖记录!$A:$L,11,FALSE),八肖参数!$A:$B,2,FALSE),"") | O52: =IF(N52="","",IF(I52="","待开奖",IF(ISNUMBER(SEARCH(I52,N52)),"命中","未命中")))
A53: 52 | B53: 2026052 | C53: 蛇 38 | E53: 275 | F53: =IF(COUNTA(D53:E53)=0,"",N(D53)-N(E53)) | G53: =IFERROR(VLOOKUP($B53,'开奖记录'!$A:$K,2,FALSE),"") | H53: =IFERROR(VLOOKUP($B53,'开奖记录'!$A:$K,9,FALSE),"") | I53: =IFERROR(VLOOKUP($B53,'开奖记录'!$A:$K,11,FALSE),"") | J53: =IF($B53="","",IF(ISNUMBER($D53),"命中",IF(ISNUMBER($E53),"未命中",""))) | L53: =IFERROR(TEXT(VLOOKUP($B53-1,开奖记录!$A:$L,3,FALSE),"00")&"+5="&VLOOKUP(MOD(VLOOKUP($B53-1,开奖记录!$A:$L,3,FALSE)+4,49)+1,规律参数!$A:$C,3,FALSE),"") | M53: =IF(L53="","",IF(I53="","待开奖",IF(ISNUMBER(SEARCH(I53,L53)),"命中","未命中"))) | N53: =IFERROR(VLOOKUP(VLOOKUP($B53-1,开奖记录!$A:$L,11,FALSE),八肖参数!$A:$B,2,FALSE),"") | O53: =IF(N53="","",IF(I53="","待开奖",IF(ISNUMBER(SEARCH(I53,N53)),"命中","未命中")))
A54: 53 | B54: 2026053 | C54: 龙 15 | E54: 385 | F54: =IF(COUNTA(D54:E54)=0,"",N(D54)-N(E54)) | G54: =IFERROR(VLOOKUP($B54,'开奖记录'!$A:$K,2,FALSE),"") | H54: =IFERROR(VLOOKUP($B54,'开奖记录'!$A:$K,9,FALSE),"") | I54: =IFERROR(VLOOKUP($B54,'开奖记录'!$A:$K,11,FALSE),"") | J54: =IF($B54="","",IF(ISNUMBER($D54),"命中",IF(ISNUMBER($E54),"未命中",""))) | L54: =IFERROR(TEXT(VLOOKUP($B54-1,开奖记录!$A:$L,3,FALSE),"00")&"+5="&VLOOKUP(MOD(VLOOKUP($B54-1,开奖记录!$A:$L,3,FALSE)+4,49)+1,规律参数!$A:$C,3,FALSE),"") | M54: =IF(L54="","",IF(I54="","待开奖",IF(ISNUMBER(SEARCH(I54,L54)),"命中","未命中"))) | N54: =IFERROR(VLOOKUP(VLOOKUP($B54-1,开奖记录!$A:$L,11,FALSE),八肖参数!$A:$B,2,FALSE),"") | O54: =IF(N54="","",IF(I54="","待开奖",IF(ISNUMBER(SEARCH(I54,N54)),"命中","未命中")))
A55: 54 | B55: 2026054 | C55: 羊 48 | E55: 240 | F55: =IF(COUNTA(D55:E55)=0,"",N(D55)-N(E55)) | G55: =IFERROR(VLOOKUP($B55,'开奖记录'!$A:$K,2,FALSE),"") | H55: =IFERROR(VLOOKUP($B55,'开奖记录'!$A:$K,9,FALSE),"") | I55: =IFERROR(VLOOKUP($B55,'开奖记录'!$A:$K,11,FALSE),"") | J55: =IF($B55="","",IF(ISNUMBER($D55),"命中",IF(ISNUMBER($E55),"未命中",""))) | L55: =IFERROR(TEXT(VLOOKUP($B55-1,开奖记录!$A:$L,3,FALSE),"00")&"+5="&VLOOKUP(MOD(VLOOKUP($B55-1,开奖记录!$A:$L,3,FALSE)+4,49)+1,规律参数!$A:$C,3,FALSE),"") | M55: =IF(L55="","",IF(I55="","待开奖",IF(ISNUMBER(SEARCH(I55,L55)),"命中","未命中"))) | N55: =IFERROR(VLOOKUP(VLOOKUP($B55-1,开奖记录!$A:$L,11,FALSE),八肖参数!$A:$B,2,FALSE),"") | O55: =IF(N55="","",IF(I55="","待开奖",IF(ISNUMBER(SEARCH(I55,N55)),"命中","未命中")))
A56: 55 | B56: 2026055 | C56: 蛇 14 | E56: 340 | F56: =IF(COUNTA(D56:E56)=0,"",N(D56)-N(E56)) | G56: =IFERROR(VLOOKUP($B56,'开奖记录'!$A:$K,2,FALSE),"") | H56: =IFERROR(VLOOKUP($B56,'开奖记录'!$A:$K,9,FALSE),"") | I56: =IFERROR(VLOOKUP($B56,'开奖记录'!$A:$K,11,FALSE),"") | J56: =IF($B56="","",IF(ISNUMBER($D56),"命中",IF(ISNUMBER($E56),"未命中",""))) | L56: =IFERROR(TEXT(VLOOKUP($B56-1,开奖记录!$A:$L,3,FALSE),"00")&"+5="&VLOOKUP(MOD(VLOOKUP($B56-1,开奖记录!$A:$L,3,FALSE)+4,49)+1,规律参数!$A:$C,3,FALSE),"") | M56: =IF(L56="","",IF(I56="","待开奖",IF(ISNUMBER(SEARCH(I56,L56)),"命中","未命中"))) | N56: =IFERROR(VLOOKUP(VLOOKUP($B56-1,开奖记录!$A:$L,11,FALSE),八肖参数!$A:$B,2,FALSE),"") | O56: =IF(N56="","",IF(I56="","待开奖",IF(ISNUMBER(SEARCH(I56,N56)),"命中","未命中")))
A57: 56 | B57: 2026056 | C57: 羊 48 | E57: 150 | F57: =IF(COUNTA(D57:E57)=0,"",N(D57)-N(E57)) | G57: =IFERROR(VLOOKUP($B57,'开奖记录'!$A:$K,2,FALSE),"") | H57: =IFERROR(VLOOKUP($B57,'开奖记录'!$A:$K,9,FALSE),"") | I57: =IFERROR(VLOOKUP($B57,'开奖记录'!$A:$K,11,FALSE),"") | J57: =IF($B57="","",IF(ISNUMBER($D57),"命中",IF(ISNUMBER($E57),"未命中",""))) | L57: =IFERROR(TEXT(VLOOKUP($B57-1,开奖记录!$A:$L,3,FALSE),"00")&"+5="&VLOOKUP(MOD(VLOOKUP($B57-1,开奖记录!$A:$L,3,FALSE)+4,49)+1,规律参数!$A:$C,3,FALSE),"") | M57: =IF(L57="","",IF(I57="","待开奖",IF(ISNUMBER(SEARCH(I57,L57)),"命中","未命中"))) | N57: =IFERROR(VLOOKUP(VLOOKUP($B57-1,开奖记录!$A:$L,11,FALSE),八肖参数!$A:$B,2,FALSE),"") | O57: =IF(N57="","",IF(I57="","待开奖",IF(ISNUMBER(SEARCH(I57,N57)),"命中","未命中")))
A58: 57 | B58: 2026057 | C58: 猴 23 | F58: =IF(COUNTA(D58:E58)=0,"",N(D58)-N(E58)) | G58: =IFERROR(VLOOKUP($B58,'开奖记录'!$A:$K,2,FALSE),"") | H58: =IFERROR(VLOOKUP($B58,'开奖记录'!$A:$K,9,FALSE),"") | I58: =IFERROR(VLOOKUP($B58,'开奖记录'!$A:$K,11,FALSE),"") | J58: =IF($B58="","",IF(ISNUMBER($D58),"命中",IF(ISNUMBER($E58),"未命中",""))) | L58: =IFERROR(TEXT(VLOOKUP($B58-1,开奖记录!$A:$L,3,FALSE),"00")&"+5="&VLOOKUP(MOD(VLOOKUP($B58-1,开奖记录!$A:$L,3,FALSE)+4,49)+1,规律参数!$A:$C,3,FALSE),"") | M58: =IF(L58="","",IF(I58="","待开奖",IF(ISNUMBER(SEARCH(I58,L58)),"命中","未命中"))) | N58: =IFERROR(VLOOKUP(VLOOKUP($B58-1,开奖记录!$A:$L,11,FALSE),八肖参数!$A:$B,2,FALSE),"") | O58: =IF(N58="","",IF(I58="","待开奖",IF(ISNUMBER(SEARCH(I58,N58)),"命中","未命中")))
A59: 58 | B59: 2026058 | C59: 鼠 31 | E59: 130 | F59: =IF(COUNTA(D59:E59)=0,"",N(D59)-N(E59)) | G59: =IFERROR(VLOOKUP($B59,'开奖记录'!$A:$K,2,FALSE),"") | H59: =IFERROR(VLOOKUP($B59,'开奖记录'!$A:$K,9,FALSE),"") | I59: =IFERROR(VLOOKUP($B59,'开奖记录'!$A:$K,11,FALSE),"") | J59: =IF($B59="","",IF(ISNUMBER($D59),"命中",IF(ISNUMBER($E59),"未命中",""))) | L59: =IFERROR(TEXT(VLOOKUP($B59-1,开奖记录!$A:$L,3,FALSE),"00")&"+5="&VLOOKUP(MOD(VLOOKUP($B59-1,开奖记录!$A:$L,3,FALSE)+4,49)+1,规律参数!$A:$C,3,FALSE),"") | M59: =IF(L59="","",IF(I59="","待开奖",IF(ISNUMBER(SEARCH(I59,L59)),"命中","未命中"))) | N59: =IFERROR(VLOOKUP(VLOOKUP($B59-1,开奖记录!$A:$L,11,FALSE),八肖参数!$A:$B,2,FALSE),"") | O59: =IF(N59="","",IF(I59="","待开奖",IF(ISNUMBER(SEARCH(I59,N59)),"命中","未命中")))
A60: 59 | B60: 2026059 | C60: 鸡 10 | D60: 215 | F60: =IF(COUNTA(D60:E60)=0,"",N(D60)-N(E60)) | G60: =IFERROR(VLOOKUP($B60,'开奖记录'!$A:$K,2,FALSE),"") | H60: =IFERROR(VLOOKUP($B60,'开奖记录'!$A:$K,9,FALSE),"") | I60: =IFERROR(VLOOKUP($B60,'开奖记录'!$A:$K,11,FALSE),"") | J60: =IF($B60="","",IF(ISNUMBER($D60),"命中",IF(ISNUMBER($E60),"未命中",""))) | L60: =IFERROR(TEXT(VLOOKUP($B60-1,开奖记录!$A:$L,3,FALSE),"00")&"+5="&VLOOKUP(MOD(VLOOKUP($B60-1,开奖记录!$A:$L,3,FALSE)+4,49)+1,规律参数!$A:$C,3,FALSE),"") | M60: =IF(L60="","",IF(I60="","待开奖",IF(ISNUMBER(SEARCH(I60,L60)),"命中","未命中"))) | N60: =IFERROR(VLOOKUP(VLOOKUP($B60-1,开奖记录!$A:$L,11,FALSE),八肖参数!$A:$B,2,FALSE),"") | O60: =IF(N60="","",IF(I60="","待开奖",IF(ISNUMBER(SEARCH(I60,N60)),"命中","未命中")))
A61: 60 | B61: 2026060 | C61: 狗 09 | F61: =IF(COUNTA(D61:E61)=0,"",N(D61)-N(E61)) | G61: =IFERROR(VLOOKUP($B61,'开奖记录'!$A:$K,2,FALSE),"") | H61: =IFERROR(VLOOKUP($B61,'开奖记录'!$A:$K,9,FALSE),"") | I61: =IFERROR(VLOOKUP($B61,'开奖记录'!$A:$K,11,FALSE),"") | J61: =IF($B61="","",IF(ISNUMBER($D61),"命中",IF(ISNUMBER($E61),"未命中",""))) | L61: =IFERROR(TEXT(VLOOKUP($B61-1,开奖记录!$A:$L,3,FALSE),"00")&"+5="&VLOOKUP(MOD(VLOOKUP($B61-1,开奖记录!$A:$L,3,FALSE)+4,49)+1,规律参数!$A:$C,3,FALSE),"") | M61: =IF(L61="","",IF(I61="","待开奖",IF(ISNUMBER(SEARCH(I61,L61)),"命中","未命中"))) | N61: =IFERROR(VLOOKUP(VLOOKUP($B61-1,开奖记录!$A:$L,11,FALSE),八肖参数!$A:$B,2,FALSE),"") | O61: =IF(N61="","",IF(I61="","待开奖",IF(ISNUMBER(SEARCH(I61,N61)),"命中","未命中")))
A62: 61 | B62: 2026061 | C62: 虎 29 | E62: 170 | F62: =IF(COUNTA(D62:E62)=0,"",N(D62)-N(E62)) | G62: =IFERROR(VLOOKUP($B62,'开奖记录'!$A:$K,2,FALSE),"") | H62: =IFERROR(VLOOKUP($B62,'开奖记录'!$A:$K,9,FALSE),"") | I62: =IFERROR(VLOOKUP($B62,'开奖记录'!$A:$K,11,FALSE),"") | J62: =IF($B62="","",IF(ISNUMBER($D62),"命中",IF(ISNUMBER($E62),"未命中",""))) | L62: =IFERROR(TEXT(VLOOKUP($B62-1,开奖记录!$A:$L,3,FALSE),"00")&"+5="&VLOOKUP(MOD(VLOOKUP($B62-1,开奖记录!$A:$L,3,FALSE)+4,49)+1,规律参数!$A:$C,3,FALSE),"") | M62: =IF(L62="","",IF(I62="","待开奖",IF(ISNUMBER(SEARCH(I62,L62)),"命中","未命中"))) | N62: =IFERROR(VLOOKUP(VLOOKUP($B62-1,开奖记录!$A:$L,11,FALSE),八肖参数!$A:$B,2,FALSE),"") | O62: =IF(N62="","",IF(I62="","待开奖",IF(ISNUMBER(SEARCH(I62,N62)),"命中","未命中")))
A63: 62 | B63: 2026062 | C63: 羊 24 | D63: 135 | F63: =IF(COUNTA(D63:E63)=0,"",N(D63)-N(E63)) | G63: =IFERROR(VLOOKUP($B63,'开奖记录'!$A:$K,2,FALSE),"") | H63: =IFERROR(VLOOKUP($B63,'开奖记录'!$A:$K,9,FALSE),"") | I63: =IFERROR(VLOOKUP($B63,'开奖记录'!$A:$K,11,FALSE),"") | J63: =IF($B63="","",IF(ISNUMBER($D63),"命中",IF(ISNUMBER($E63),"未命中",""))) | L63: =IFERROR(TEXT(VLOOKUP($B63-1,开奖记录!$A:$L,3,FALSE),"00")&"+5="&VLOOKUP(MOD(VLOOKUP($B63-1,开奖记录!$A:$L,3,FALSE)+4,49)+1,规律参数!$A:$C,3,FALSE),"") | M63: =IF(L63="","",IF(I63="","待开奖",IF(ISNUMBER(SEARCH(I63,L63)),"命中","未命中"))) | N63: =IFERROR(VLOOKUP(VLOOKUP($B63-1,开奖记录!$A:$L,11,FALSE),八肖参数!$A:$B,2,FALSE),"") | O63: =IF(N63="","",IF(I63="","待开奖",IF(ISNUMBER(SEARCH(I63,N63)),"命中","未命中")))
A64: 63 | B64: 2026063 | C64: 兔 28 | D64: 270 | F64: =IF(COUNTA(D64:E64)=0,"",N(D64)-N(E64)) | G64: =IFERROR(VLOOKUP($B64,'开奖记录'!$A:$K,2,FALSE),"") | H64: =IFERROR(VLOOKUP($B64,'开奖记录'!$A:$K,9,FALSE),"") | I64: =IFERROR(VLOOKUP($B64,'开奖记录'!$A:$K,11,FALSE),"") | J64: =IF($B64="","",IF(ISNUMBER($D64),"命中",IF(ISNUMBER($E64),"未命中",""))) | L64: =IFERROR(TEXT(VLOOKUP($B64-1,开奖记录!$A:$L,3,FALSE),"00")&"+5="&VLOOKUP(MOD(VLOOKUP($B64-1,开奖记录!$A:$L,3,FALSE)+4,49)+1,规律参数!$A:$C,3,FALSE),"") | M64: =IF(L64="","",IF(I64="","待开奖",IF(ISNUMBER(SEARCH(I64,L64)),"命中","未命中"))) | N64: =IFERROR(VLOOKUP(VLOOKUP($B64-1,开奖记录!$A:$L,11,FALSE),八肖参数!$A:$B,2,FALSE),"") | O64: =IF(N64="","",IF(I64="","待开奖",IF(ISNUMBER(SEARCH(I64,N64)),"命中","未命中")))
A65: 64 | B65: 2026064 | C65: 牛 28 | E65: 270 | F65: =IF(COUNTA(D65:E65)=0,"",N(D65)-N(E65)) | G65: =IFERROR(VLOOKUP($B65,'开奖记录'!$A:$K,2,FALSE),"") | H65: =IFERROR(VLOOKUP($B65,'开奖记录'!$A:$K,9,FALSE),"") | I65: =IFERROR(VLOOKUP($B65,'开奖记录'!$A:$K,11,FALSE),"") | J65: =IF($B65="","",IF(ISNUMBER($D65),"命中",IF(ISNUMBER($E65),"未命中",""))) | L65: =IFERROR(TEXT(VLOOKUP($B65-1,开奖记录!$A:$L,3,FALSE),"00")&"+5="&VLOOKUP(MOD(VLOOKUP($B65-1,开奖记录!$A:$L,3,FALSE)+4,49)+1,规律参数!$A:$C,3,FALSE),"") | M65: =IF(L65="","",IF(I65="","待开奖",IF(ISNUMBER(SEARCH(I65,L65)),"命中","未命中"))) | N65: =IFERROR(VLOOKUP(VLOOKUP($B65-1,开奖记录!$A:$L,11,FALSE),八肖参数!$A:$B,2,FALSE),"") | O65: =IF(N65="","",IF(I65="","待开奖",IF(ISNUMBER(SEARCH(I65,N65)),"命中","未命中")))
A66: 65 | B66: 2026065 | C66: 虎 05 | F66: =IF(COUNTA(D66:E66)=0,"",N(D66)-N(E66)) | G66: =IFERROR(VLOOKUP($B66,'开奖记录'!$A:$K,2,FALSE),"") | H66: =IFERROR(VLOOKUP($B66,'开奖记录'!$A:$K,9,FALSE),"") | I66: =IFERROR(VLOOKUP($B66,'开奖记录'!$A:$K,11,FALSE),"") | J66: =IF($B66="","",IF(ISNUMBER($D66),"命中",IF(ISNUMBER($E66),"未命中",""))) | L66: =IFERROR(TEXT(VLOOKUP($B66-1,开奖记录!$A:$L,3,FALSE),"00")&"+5="&VLOOKUP(MOD(VLOOKUP($B66-1,开奖记录!$A:$L,3,FALSE)+4,49)+1,规律参数!$A:$C,3,FALSE),"") | M66: =IF(L66="","",IF(I66="","待开奖",IF(ISNUMBER(SEARCH(I66,L66)),"命中","未命中"))) | N66: =IFERROR(VLOOKUP(VLOOKUP($B66-1,开奖记录!$A:$L,11,FALSE),八肖参数!$A:$B,2,FALSE),"") | O66: =IF(N66="","",IF(I66="","待开奖",IF(ISNUMBER(SEARCH(I66,N66)),"命中","未命中")))
A67: 66 | B67: 2026066 | C67: 马 37 | E67: 400 | F67: =IF(COUNTA(D67:E67)=0,"",N(D67)-N(E67)) | G67: =IFERROR(VLOOKUP($B67,'开奖记录'!$A:$K,2,FALSE),"") | H67: =IFERROR(VLOOKUP($B67,'开奖记录'!$A:$K,9,FALSE),"") | I67: =IFERROR(VLOOKUP($B67,'开奖记录'!$A:$K,11,FALSE),"") | J67: =IF($B67="","",IF(ISNUMBER($D67),"命中",IF(ISNUMBER($E67),"未命中",""))) | L67: =IFERROR(TEXT(VLOOKUP($B67-1,开奖记录!$A:$L,3,FALSE),"00")&"+5="&VLOOKUP(MOD(VLOOKUP($B67-1,开奖记录!$A:$L,3,FALSE)+4,49)+1,规律参数!$A:$C,3,FALSE),"") | M67: =IF(L67="","",IF(I67="","待开奖",IF(ISNUMBER(SEARCH(I67,L67)),"命中","未命中"))) | N67: =IFERROR(VLOOKUP(VLOOKUP($B67-1,开奖记录!$A:$L,11,FALSE),八肖参数!$A:$B,2,FALSE),"") | O67: =IF(N67="","",IF(I67="","待开奖",IF(ISNUMBER(SEARCH(I67,N67)),"命中","未命中")))
A68: 67 | B68: 2026067 | C68: 虎 05 | D68: 650 | F68: =IF(COUNTA(D68:E68)=0,"",N(D68)-N(E68)) | G68: =IFERROR(VLOOKUP($B68,'开奖记录'!$A:$K,2,FALSE),"") | H68: =IFERROR(VLOOKUP($B68,'开奖记录'!$A:$K,9,FALSE),"") | I68: =IFERROR(VLOOKUP($B68,'开奖记录'!$A:$K,11,FALSE),"") | J68: =IF($B68="","",IF(ISNUMBER($D68),"命中",IF(ISNUMBER($E68),"未命中",""))) | L68: =IFERROR(TEXT(VLOOKUP($B68-1,开奖记录!$A:$L,3,FALSE),"00")&"+5="&VLOOKUP(MOD(VLOOKUP($B68-1,开奖记录!$A:$L,3,FALSE)+4,49)+1,规律参数!$A:$C,3,FALSE),"") | M68: =IF(L68="","",IF(I68="","待开奖",IF(ISNUMBER(SEARCH(I68,L68)),"命中","未命中"))) | N68: =IFERROR(VLOOKUP(VLOOKUP($B68-1,开奖记录!$A:$L,11,FALSE),八肖参数!$A:$B,2,FALSE),"") | O68: =IF(N68="","",IF(I68="","待开奖",IF(ISNUMBER(SEARCH(I68,N68)),"命中","未命中")))
A69: 68 | B69: 2026068 | C69: 猴 23 | E69: 345 | F69: =IF(COUNTA(D69:E69)=0,"",N(D69)-N(E69)) | G69: =IFERROR(VLOOKUP($B69,'开奖记录'!$A:$K,2,FALSE),"") | H69: =IFERROR(VLOOKUP($B69,'开奖记录'!$A:$K,9,FALSE),"") | I69: =IFERROR(VLOOKUP($B69,'开奖记录'!$A:$K,11,FALSE),"") | J69: =IF($B69="","",IF(ISNUMBER($D69),"命中",IF(ISNUMBER($E69),"未命中",""))) | L69: =IFERROR(TEXT(VLOOKUP($B69-1,开奖记录!$A:$L,3,FALSE),"00")&"+5="&VLOOKUP(MOD(VLOOKUP($B69-1,开奖记录!$A:$L,3,FALSE)+4,49)+1,规律参数!$A:$C,3,FALSE),"") | M69: =IF(L69="","",IF(I69="","待开奖",IF(ISNUMBER(SEARCH(I69,L69)),"命中","未命中"))) | N69: =IFERROR(VLOOKUP(VLOOKUP($B69-1,开奖记录!$A:$L,11,FALSE),八肖参数!$A:$B,2,FALSE),"") | O69: =IF(N69="","",IF(I69="","待开奖",IF(ISNUMBER(SEARCH(I69,N69)),"命中","未命中")))
A70: 69 | B70: 2026069 | C70: 羊 24 | E70: 465 | F70: =IF(COUNTA(D70:E70)=0,"",N(D70)-N(E70)) | G70: =IFERROR(VLOOKUP($B70,'开奖记录'!$A:$K,2,FALSE),"") | H70: =IFERROR(VLOOKUP($B70,'开奖记录'!$A:$K,9,FALSE),"") | I70: =IFERROR(VLOOKUP($B70,'开奖记录'!$A:$K,11,FALSE),"") | J70: =IF($B70="","",IF(ISNUMBER($D70),"命中",IF(ISNUMBER($E70),"未命中",""))) | L70: =IFERROR(TEXT(VLOOKUP($B70-1,开奖记录!$A:$L,3,FALSE),"00")&"+5="&VLOOKUP(MOD(VLOOKUP($B70-1,开奖记录!$A:$L,3,FALSE)+4,49)+1,规律参数!$A:$C,3,FALSE),"") | M70: =IF(L70="","",IF(I70="","待开奖",IF(ISNUMBER(SEARCH(I70,L70)),"命中","未命中"))) | N70: =IFERROR(VLOOKUP(VLOOKUP($B70-1,开奖记录!$A:$L,11,FALSE),八肖参数!$A:$B,2,FALSE),"") | O70: =IF(N70="","",IF(I70="","待开奖",IF(ISNUMBER(SEARCH(I70,N70)),"命中","未命中")))
A71: 70 | B71: 2026070 | C71: 马24 | E71: 245 | F71: =IF(COUNTA(D71:E71)=0,"",N(D71)-N(E71)) | G71: =IFERROR(VLOOKUP($B71,'开奖记录'!$A:$K,2,FALSE),"") | H71: =IFERROR(VLOOKUP($B71,'开奖记录'!$A:$K,9,FALSE),"") | I71: =IFERROR(VLOOKUP($B71,'开奖记录'!$A:$K,11,FALSE),"") | J71: =IF($B71="","",IF(ISNUMBER($D71),"命中",IF(ISNUMBER($E71),"未命中",""))) | L71: =IFERROR(TEXT(VLOOKUP($B71-1,开奖记录!$A:$L,3,FALSE),"00")&"+5="&VLOOKUP(MOD(VLOOKUP($B71-1,开奖记录!$A:$L,3,FALSE)+4,49)+1,规律参数!$A:$C,3,FALSE),"") | M71: =IF(L71="","",IF(I71="","待开奖",IF(ISNUMBER(SEARCH(I71,L71)),"命中","未命中"))) | N71: =IFERROR(VLOOKUP(VLOOKUP($B71-1,开奖记录!$A:$L,11,FALSE),八肖参数!$A:$B,2,FALSE),"") | O71: =IF(N71="","",IF(I71="","待开奖",IF(ISNUMBER(SEARCH(I71,N71)),"命中","未命中")))
A72: 71 | B72: 2026071 | C72: 羊 48 | E72: 160 | F72: =IF(COUNTA(D72:E72)=0,"",N(D72)-N(E72)) | G72: =IFERROR(VLOOKUP($B72,'开奖记录'!$A:$K,2,FALSE),"") | H72: =IFERROR(VLOOKUP($B72,'开奖记录'!$A:$K,9,FALSE),"") | I72: =IFERROR(VLOOKUP($B72,'开奖记录'!$A:$K,11,FALSE),"") | J72: =IF($B72="","",IF(ISNUMBER($D72),"命中",IF(ISNUMBER($E72),"未命中",""))) | L72: =IFERROR(TEXT(VLOOKUP($B72-1,开奖记录!$A:$L,3,FALSE),"00")&"+5="&VLOOKUP(MOD(VLOOKUP($B72-1,开奖记录!$A:$L,3,FALSE)+4,49)+1,规律参数!$A:$C,3,FALSE),"") | M72: =IF(L72="","",IF(I72="","待开奖",IF(ISNUMBER(SEARCH(I72,L72)),"命中","未命中"))) | N72: =IFERROR(VLOOKUP(VLOOKUP($B72-1,开奖记录!$A:$L,11,FALSE),八肖参数!$A:$B,2,FALSE),"") | O72: =IF(N72="","",IF(I72="","待开奖",IF(ISNUMBER(SEARCH(I72,N72)),"命中","未命中")))
A73: 72 | B73: 2026072 | C73: 鸡46 | D73: 70 | F73: =IF(COUNTA(D73:E73)=0,"",N(D73)-N(E73)) | G73: =IFERROR(VLOOKUP($B73,'开奖记录'!$A:$K,2,FALSE),"") | H73: =IFERROR(VLOOKUP($B73,'开奖记录'!$A:$K,9,FALSE),"") | I73: =IFERROR(VLOOKUP($B73,'开奖记录'!$A:$K,11,FALSE),"") | J73: =IF($B73="","",IF(ISNUMBER($D73),"命中",IF(ISNUMBER($E73),"未命中",""))) | L73: =IFERROR(TEXT(VLOOKUP($B73-1,开奖记录!$A:$L,3,FALSE),"00")&"+5="&VLOOKUP(MOD(VLOOKUP($B73-1,开奖记录!$A:$L,3,FALSE)+4,49)+1,规律参数!$A:$C,3,FALSE),"") | M73: =IF(L73="","",IF(I73="","待开奖",IF(ISNUMBER(SEARCH(I73,L73)),"命中","未命中"))) | N73: =IFERROR(VLOOKUP(VLOOKUP($B73-1,开奖记录!$A:$L,11,FALSE),八肖参数!$A:$B,2,FALSE),"") | O73: =IF(N73="","",IF(I73="","待开奖",IF(ISNUMBER(SEARCH(I73,N73)),"命中","未命中")))
A74: 73 | B74: 2026073 | C74: 鸡36 | E74: 180 | F74: =IF(COUNTA(D74:E74)=0,"",N(D74)-N(E74)) | G74: =IFERROR(VLOOKUP($B74,'开奖记录'!$A:$K,2,FALSE),"") | H74: =IFERROR(VLOOKUP($B74,'开奖记录'!$A:$K,9,FALSE),"") | I74: =IFERROR(VLOOKUP($B74,'开奖记录'!$A:$K,11,FALSE),"") | J74: =IF($B74="","",IF(ISNUMBER($D74),"命中",IF(ISNUMBER($E74),"未命中",""))) | L74: =IFERROR(TEXT(VLOOKUP($B74-1,开奖记录!$A:$L,3,FALSE),"00")&"+5="&VLOOKUP(MOD(VLOOKUP($B74-1,开奖记录!$A:$L,3,FALSE)+4,49)+1,规律参数!$A:$C,3,FALSE),"") | M74: =IF(L74="","",IF(I74="","待开奖",IF(ISNUMBER(SEARCH(I74,L74)),"命中","未命中"))) | N74: =IFERROR(VLOOKUP(VLOOKUP($B74-1,开奖记录!$A:$L,11,FALSE),八肖参数!$A:$B,2,FALSE),"") | O74: =IF(N74="","",IF(I74="","待开奖",IF(ISNUMBER(SEARCH(I74,N74)),"命中","未命中")))
A75: 74 | B75: 2026074 | C75: 鸡 10 | E75: 180 | F75: =IF(COUNTA(D75:E75)=0,"",N(D75)-N(E75)) | G75: =IFERROR(VLOOKUP($B75,'开奖记录'!$A:$K,2,FALSE),"") | H75: =IFERROR(VLOOKUP($B75,'开奖记录'!$A:$K,9,FALSE),"") | I75: =IFERROR(VLOOKUP($B75,'开奖记录'!$A:$K,11,FALSE),"") | J75: =IF($B75="","",IF(ISNUMBER($D75),"命中",IF(ISNUMBER($E75),"未命中",""))) | L75: =IFERROR(TEXT(VLOOKUP($B75-1,开奖记录!$A:$L,3,FALSE),"00")&"+5="&VLOOKUP(MOD(VLOOKUP($B75-1,开奖记录!$A:$L,3,FALSE)+4,49)+1,规律参数!$A:$C,3,FALSE),"") | M75: =IF(L75="","",IF(I75="","待开奖",IF(ISNUMBER(SEARCH(I75,L75)),"命中","未命中"))) | N75: =IFERROR(VLOOKUP(VLOOKUP($B75-1,开奖记录!$A:$L,11,FALSE),八肖参数!$A:$B,2,FALSE),"") | O75: =IF(N75="","",IF(I75="","待开奖",IF(ISNUMBER(SEARCH(I75,N75)),"命中","未命中")))
A76: 75 | B76: 2026075 | C76: 狗33 | E76: 150 | F76: =IF(COUNTA(D76:E76)=0,"",N(D76)-N(E76)) | G76: =IFERROR(VLOOKUP($B76,'开奖记录'!$A:$K,2,FALSE),"") | H76: =IFERROR(VLOOKUP($B76,'开奖记录'!$A:$K,9,FALSE),"") | I76: =IFERROR(VLOOKUP($B76,'开奖记录'!$A:$K,11,FALSE),"") | J76: =IF($B76="","",IF(ISNUMBER($D76),"命中",IF(ISNUMBER($E76),"未命中",""))) | L76: =IFERROR(TEXT(VLOOKUP($B76-1,开奖记录!$A:$L,3,FALSE),"00")&"+5="&VLOOKUP(MOD(VLOOKUP($B76-1,开奖记录!$A:$L,3,FALSE)+4,49)+1,规律参数!$A:$C,3,FALSE),"") | M76: =IF(L76="","",IF(I76="","待开奖",IF(ISNUMBER(SEARCH(I76,L76)),"命中","未命中"))) | N76: =IFERROR(VLOOKUP(VLOOKUP($B76-1,开奖记录!$A:$L,11,FALSE),八肖参数!$A:$B,2,FALSE),"") | O76: =IF(N76="","",IF(I76="","待开奖",IF(ISNUMBER(SEARCH(I76,N76)),"命中","未命中")))
A77: 76 | B77: 2026076 | C77: 蛇02 | F77: =IF(COUNTA(D77:E77)=0,"",N(D77)-N(E77)) | G77: =IFERROR(VLOOKUP($B77,'开奖记录'!$A:$K,2,FALSE),"") | H77: =IFERROR(VLOOKUP($B77,'开奖记录'!$A:$K,9,FALSE),"") | I77: =IFERROR(VLOOKUP($B77,'开奖记录'!$A:$K,11,FALSE),"") | J77: =IF($B77="","",IF(ISNUMBER($D77),"命中",IF(ISNUMBER($E77),"未命中",""))) | L77: =IFERROR(TEXT(VLOOKUP($B77-1,开奖记录!$A:$L,3,FALSE),"00")&"+5="&VLOOKUP(MOD(VLOOKUP($B77-1,开奖记录!$A:$L,3,FALSE)+4,49)+1,规律参数!$A:$C,3,FALSE),"") | M77: =IF(L77="","",IF(I77="","待开奖",IF(ISNUMBER(SEARCH(I77,L77)),"命中","未命中"))) | N77: =IFERROR(VLOOKUP(VLOOKUP($B77-1,开奖记录!$A:$L,11,FALSE),八肖参数!$A:$B,2,FALSE),"") | O77: =IF(N77="","",IF(I77="","待开奖",IF(ISNUMBER(SEARCH(I77,N77)),"命中","未命中")))
A78: 77 | B78: 2026077 | C78: 虎 29 | F78: =IF(COUNTA(D78:E78)=0,"",N(D78)-N(E78)) | G78: =IFERROR(VLOOKUP($B78,'开奖记录'!$A:$K,2,FALSE),"") | H78: =IFERROR(VLOOKUP($B78,'开奖记录'!$A:$K,9,FALSE),"") | I78: =IFERROR(VLOOKUP($B78,'开奖记录'!$A:$K,11,FALSE),"") | J78: =IF($B78="","",IF(ISNUMBER($D78),"命中",IF(ISNUMBER($E78),"未命中",""))) | L78: =IFERROR(TEXT(VLOOKUP($B78-1,开奖记录!$A:$L,3,FALSE),"00")&"+5="&VLOOKUP(MOD(VLOOKUP($B78-1,开奖记录!$A:$L,3,FALSE)+4,49)+1,规律参数!$A:$C,3,FALSE),"") | M78: =IF(L78="","",IF(I78="","待开奖",IF(ISNUMBER(SEARCH(I78,L78)),"命中","未命中"))) | N78: =IFERROR(VLOOKUP(VLOOKUP($B78-1,开奖记录!$A:$L,11,FALSE),八肖参数!$A:$B,2,FALSE),"") | O78: =IF(N78="","",IF(I78="","待开奖",IF(ISNUMBER(SEARCH(I78,N78)),"命中","未命中")))
A79: 78 | B79: 2026078 | C79: 鸡46 | E79: 60 | F79: =IF(COUNTA(D79:E79)=0,"",N(D79)-N(E79)) | G79: =IFERROR(VLOOKUP($B79,'开奖记录'!$A:$K,2,FALSE),"") | H79: =IFERROR(VLOOKUP($B79,'开奖记录'!$A:$K,9,FALSE),"") | I79: =IFERROR(VLOOKUP($B79,'开奖记录'!$A:$K,11,FALSE),"") | J79: =IF($B79="","",IF(ISNUMBER($D79),"命中",IF(ISNUMBER($E79),"未命中",""))) | L79: =IFERROR(TEXT(VLOOKUP($B79-1,开奖记录!$A:$L,3,FALSE),"00")&"+5="&VLOOKUP(MOD(VLOOKUP($B79-1,开奖记录!$A:$L,3,FALSE)+4,49)+1,规律参数!$A:$C,3,FALSE),"") | M79: =IF(L79="","",IF(I79="","待开奖",IF(ISNUMBER(SEARCH(I79,L79)),"命中","未命中"))) | N79: =IFERROR(VLOOKUP(VLOOKUP($B79-1,开奖记录!$A:$L,11,FALSE),八肖参数!$A:$B,2,FALSE),"") | O79: =IF(N79="","",IF(I79="","待开奖",IF(ISNUMBER(SEARCH(I79,N79)),"命中","未命中")))
A80: 79 | B80: 2026079 | C80: 猴35 | F80: =IF(COUNTA(D80:E80)=0,"",N(D80)-N(E80)) | G80: =IFERROR(VLOOKUP($B80,'开奖记录'!$A:$K,2,FALSE),"") | H80: =IFERROR(VLOOKUP($B80,'开奖记录'!$A:$K,9,FALSE),"") | I80: =IFERROR(VLOOKUP($B80,'开奖记录'!$A:$K,11,FALSE),"") | J80: =IF($B80="","",IF(ISNUMBER($D80),"命中",IF(ISNUMBER($E80),"未命中",""))) | L80: =IFERROR(TEXT(VLOOKUP($B80-1,开奖记录!$A:$L,3,FALSE),"00")&"+5="&VLOOKUP(MOD(VLOOKUP($B80-1,开奖记录!$A:$L,3,FALSE)+4,49)+1,规律参数!$A:$C,3,FALSE),"") | M80: =IF(L80="","",IF(I80="","待开奖",IF(ISNUMBER(SEARCH(I80,L80)),"命中","未命中"))) | N80: =IFERROR(VLOOKUP(VLOOKUP($B80-1,开奖记录!$A:$L,11,FALSE),八肖参数!$A:$B,2,FALSE),"") | O80: =IF(N80="","",IF(I80="","待开奖",IF(ISNUMBER(SEARCH(I80,N80)),"命中","未命中")))
A81: 80 | B81: 2026080 | C81: 龙03 | F81: =IF(COUNTA(D81:E81)=0,"",N(D81)-N(E81)) | G81: =IFERROR(VLOOKUP($B81,'开奖记录'!$A:$K,2,FALSE),"") | H81: =IFERROR(VLOOKUP($B81,'开奖记录'!$A:$K,9,FALSE),"") | I81: =IFERROR(VLOOKUP($B81,'开奖记录'!$A:$K,11,FALSE),"") | J81: =IF($B81="","",IF(ISNUMBER($D81),"命中",IF(ISNUMBER($E81),"未命中",""))) | L81: =IFERROR(TEXT(VLOOKUP($B81-1,开奖记录!$A:$L,3,FALSE),"00")&"+5="&VLOOKUP(MOD(VLOOKUP($B81-1,开奖记录!$A:$L,3,FALSE)+4,49)+1,规律参数!$A:$C,3,FALSE),"") | M81: =IF(L81="","",IF(I81="","待开奖",IF(ISNUMBER(SEARCH(I81,L81)),"命中","未命中"))) | N81: =IFERROR(VLOOKUP(VLOOKUP($B81-1,开奖记录!$A:$L,11,FALSE),八肖参数!$A:$B,2,FALSE),"") | O81: =IF(N81="","",IF(I81="","待开奖",IF(ISNUMBER(SEARCH(I81,N81)),"命中","未命中")))
A82: 81 | B82: 2026081 | C82: 虎17 | F82: =IF(COUNTA(D82:E82)=0,"",N(D82)-N(E82)) | G82: =IFERROR(VLOOKUP($B82,'开奖记录'!$A:$K,2,FALSE),"") | H82: =IFERROR(VLOOKUP($B82,'开奖记录'!$A:$K,9,FALSE),"") | I82: =IFERROR(VLOOKUP($B82,'开奖记录'!$A:$K,11,FALSE),"") | J82: =IF($B82="","",IF(ISNUMBER($D82),"命中",IF(ISNUMBER($E82),"未命中",""))) | K82: 尾+反 | L82: =IFERROR(TEXT(VLOOKUP($B82-1,开奖记录!$A:$L,3,FALSE),"00")&"+5="&VLOOKUP(MOD(VLOOKUP($B82-1,开奖记录!$A:$L,3,FALSE)+4,49)+1,规律参数!$A:$C,3,FALSE),"") | M82: =IF(L82="","",IF(I82="","待开奖",IF(ISNUMBER(SEARCH(I82,L82)),"命中","未命中"))) | N82: =IFERROR(VLOOKUP(VLOOKUP($B82-1,开奖记录!$A:$L,11,FALSE),八肖参数!$A:$B,2,FALSE),"") | O82: =IF(N82="","",IF(I82="","待开奖",IF(ISNUMBER(SEARCH(I82,N82)),"命中","未命中")))
A83: 82 | B83: 2026082 | C83: 龙27 | F83: =IF(COUNTA(D83:E83)=0,"",N(D83)-N(E83)) | G83: =IFERROR(VLOOKUP($B83,'开奖记录'!$A:$K,2,FALSE),"") | H83: =IFERROR(VLOOKUP($B83,'开奖记录'!$A:$K,9,FALSE),"") | I83: =IFERROR(VLOOKUP($B83,'开奖记录'!$A:$K,11,FALSE),"") | J83: =IF($B83="","",IF(ISNUMBER($D83),"命中",IF(ISNUMBER($E83),"未命中",""))) | K83: 八肖中 | L83: =IFERROR(TEXT(VLOOKUP($B83-1,开奖记录!$A:$L,3,FALSE),"00")&"+5="&VLOOKUP(MOD(VLOOKUP($B83-1,开奖记录!$A:$L,3,FALSE)+4,49)+1,规律参数!$A:$C,3,FALSE),"") | M83: =IF(L83="","",IF(I83="","待开奖",IF(ISNUMBER(SEARCH(I83,L83)),"命中","未命中"))) | N83: =IFERROR(VLOOKUP(VLOOKUP($B83-1,开奖记录!$A:$L,11,FALSE),八肖参数!$A:$B,2,FALSE),"") | O83: =IF(N83="","",IF(I83="","待开奖",IF(ISNUMBER(SEARCH(I83,N83)),"命中","未命中")))
A84: 83 | B84: 2026083 | C84: 虎 05 | F84: =IF(COUNTA(D84:E84)=0,"",N(D84)-N(E84)) | G84: =IFERROR(VLOOKUP($B84,'开奖记录'!$A:$K,2,FALSE),"") | H84: =IFERROR(VLOOKUP($B84,'开奖记录'!$A:$K,9,FALSE),"") | I84: =IFERROR(VLOOKUP($B84,'开奖记录'!$A:$K,11,FALSE),"") | J84: =IF($B84="","",IF(ISNUMBER($D84),"命中",IF(ISNUMBER($E84),"未命中",""))) | L84: =IFERROR(TEXT(VLOOKUP($B84-1,开奖记录!$A:$L,3,FALSE),"00")&"+5="&VLOOKUP(MOD(VLOOKUP($B84-1,开奖记录!$A:$L,3,FALSE)+4,49)+1,规律参数!$A:$C,3,FALSE),"") | M84: =IF(L84="","",IF(I84="","待开奖",IF(ISNUMBER(SEARCH(I84,L84)),"命中","未命中"))) | N84: =IFERROR(VLOOKUP(VLOOKUP($B84-1,开奖记录!$A:$L,11,FALSE),八肖参数!$A:$B,2,FALSE),"") | O84: =IF(N84="","",IF(I84="","待开奖",IF(ISNUMBER(SEARCH(I84,N84)),"命中","未命中")))
A85: 84 | B85: 2026084 | C85: 兔16 | F85: =IF(COUNTA(D85:E85)=0,"",N(D85)-N(E85)) | G85: =IFERROR(VLOOKUP($B85,'开奖记录'!$A:$K,2,FALSE),"") | H85: =IFERROR(VLOOKUP($B85,'开奖记录'!$A:$K,9,FALSE),"") | I85: =IFERROR(VLOOKUP($B85,'开奖记录'!$A:$K,11,FALSE),"") | J85: =IF($B85="","",IF(ISNUMBER($D85),"命中",IF(ISNUMBER($E85),"未命中",""))) | L85: =IFERROR(TEXT(VLOOKUP($B85-1,开奖记录!$A:$L,3,FALSE),"00")&"+5="&VLOOKUP(MOD(VLOOKUP($B85-1,开奖记录!$A:$L,3,FALSE)+4,49)+1,规律参数!$A:$C,3,FALSE),"") | M85: =IF(L85="","",IF(I85="","待开奖",IF(ISNUMBER(SEARCH(I85,L85)),"命中","未命中"))) | N85: =IFERROR(VLOOKUP(VLOOKUP($B85-1,开奖记录!$A:$L,11,FALSE),八肖参数!$A:$B,2,FALSE),"") | O85: =IF(N85="","",IF(I85="","待开奖",IF(ISNUMBER(SEARCH(I85,N85)),"命中","未命中")))
A86: 85 | B86: 2026085 | C86: 鼠19 | F86: =IF(COUNTA(D86:E86)=0,"",N(D86)-N(E86)) | G86: =IFERROR(VLOOKUP($B86,'开奖记录'!$A:$K,2,FALSE),"") | H86: =IFERROR(VLOOKUP($B86,'开奖记录'!$A:$K,9,FALSE),"") | I86: =IFERROR(VLOOKUP($B86,'开奖记录'!$A:$K,11,FALSE),"") | J86: =IF($B86="","",IF(ISNUMBER($D86),"命中",IF(ISNUMBER($E86),"未命中",""))) | L86: =IFERROR(TEXT(VLOOKUP($B86-1,开奖记录!$A:$L,3,FALSE),"00")&"+5="&VLOOKUP(MOD(VLOOKUP($B86-1,开奖记录!$A:$L,3,FALSE)+4,49)+1,规律参数!$A:$C,3,FALSE),"") | M86: =IF(L86="","",IF(I86="","待开奖",IF(ISNUMBER(SEARCH(I86,L86)),"命中","未命中"))) | N86: =IFERROR(VLOOKUP(VLOOKUP($B86-1,开奖记录!$A:$L,11,FALSE),八肖参数!$A:$B,2,FALSE),"") | O86: =IF(N86="","",IF(I86="","待开奖",IF(ISNUMBER(SEARCH(I86,N86)),"命中","未命中")))
A87: 86 | B87: 2026086 | C87: 羊12 | F87: =IF(COUNTA(D87:E87)=0,"",N(D87)-N(E87)) | G87: =IFERROR(VLOOKUP($B87,'开奖记录'!$A:$K,2,FALSE),"") | H87: =IFERROR(VLOOKUP($B87,'开奖记录'!$A:$K,9,FALSE),"") | I87: =IFERROR(VLOOKUP($B87,'开奖记录'!$A:$K,11,FALSE),"") | J87: =IF($B87="","",IF(ISNUMBER($D87),"命中",IF(ISNUMBER($E87),"未命中",""))) | L87: =IFERROR(TEXT(VLOOKUP($B87-1,开奖记录!$A:$L,3,FALSE),"00")&"+5="&VLOOKUP(MOD(VLOOKUP($B87-1,开奖记录!$A:$L,3,FALSE)+4,49)+1,规律参数!$A:$C,3,FALSE),"") | M87: =IF(L87="","",IF(I87="","待开奖",IF(ISNUMBER(SEARCH(I87,L87)),"命中","未命中"))) | N87: =IFERROR(VLOOKUP(VLOOKUP($B87-1,开奖记录!$A:$L,11,FALSE),八肖参数!$A:$B,2,FALSE),"") | O87: =IF(N87="","",IF(I87="","待开奖",IF(ISNUMBER(SEARCH(I87,N87)),"命中","未命中")))
A88: 87 | B88: 2026087 | C88: 蛇26 | F88: =IF(COUNTA(D88:E88)=0,"",N(D88)-N(E88)) | G88: =IFERROR(VLOOKUP($B88,'开奖记录'!$A:$K,2,FALSE),"") | H88: =IFERROR(VLOOKUP($B88,'开奖记录'!$A:$K,9,FALSE),"") | I88: =IFERROR(VLOOKUP($B88,'开奖记录'!$A:$K,11,FALSE),"") | J88: =IF($B88="","",IF(ISNUMBER($D88),"命中",IF(ISNUMBER($E88),"未命中",""))) | L88: =IFERROR(TEXT(VLOOKUP($B88-1,开奖记录!$A:$L,3,FALSE),"00")&"+5="&VLOOKUP(MOD(VLOOKUP($B88-1,开奖记录!$A:$L,3,FALSE)+4,49)+1,规律参数!$A:$C,3,FALSE),"") | M88: =IF(L88="","",IF(I88="","待开奖",IF(ISNUMBER(SEARCH(I88,L88)),"命中","未命中"))) | N88: =IFERROR(VLOOKUP(VLOOKUP($B88-1,开奖记录!$A:$L,11,FALSE),八肖参数!$A:$B,2,FALSE),"") | O88: =IF(N88="","",IF(I88="","待开奖",IF(ISNUMBER(SEARCH(I88,N88)),"命中","未命中")))
A89: 88 | B89: 2026088 | C89: 龙27 | F89: =IF(COUNTA(D89:E89)=0,"",N(D89)-N(E89)) | G89: =IFERROR(VLOOKUP($B89,'开奖记录'!$A:$K,2,FALSE),"") | H89: =IFERROR(VLOOKUP($B89,'开奖记录'!$A:$K,9,FALSE),"") | I89: =IFERROR(VLOOKUP($B89,'开奖记录'!$A:$K,11,FALSE),"") | J89: =IF($B89="","",IF(ISNUMBER($D89),"命中",IF(ISNUMBER($E89),"未命中",""))) | L89: =IFERROR(TEXT(VLOOKUP($B89-1,开奖记录!$A:$L,3,FALSE),"00")&"+5="&VLOOKUP(MOD(VLOOKUP($B89-1,开奖记录!$A:$L,3,FALSE)+4,49)+1,规律参数!$A:$C,3,FALSE),"") | M89: =IF(L89="","",IF(I89="","待开奖",IF(ISNUMBER(SEARCH(I89,L89)),"命中","未命中"))) | N89: =IFERROR(VLOOKUP(VLOOKUP($B89-1,开奖记录!$A:$L,11,FALSE),八肖参数!$A:$B,2,FALSE),"") | O89: =IF(N89="","",IF(I89="","待开奖",IF(ISNUMBER(SEARCH(I89,N89)),"命中","未命中")))
A90: 89 | B90: 2026089 | C90: 马49 | F90: =IF(COUNTA(D90:E90)=0,"",N(D90)-N(E90)) | G90: =IFERROR(VLOOKUP($B90,'开奖记录'!$A:$K,2,FALSE),"") | H90: =IFERROR(VLOOKUP($B90,'开奖记录'!$A:$K,9,FALSE),"") | I90: =IFERROR(VLOOKUP($B90,'开奖记录'!$A:$K,11,FALSE),"") | J90: =IF($B90="","",IF(ISNUMBER($D90),"命中",IF(ISNUMBER($E90),"未命中",""))) | L90: =IFERROR(TEXT(VLOOKUP($B90-1,开奖记录!$A:$L,3,FALSE),"00")&"+5="&VLOOKUP(MOD(VLOOKUP($B90-1,开奖记录!$A:$L,3,FALSE)+4,49)+1,规律参数!$A:$C,3,FALSE),"") | M90: =IF(L90="","",IF(I90="","待开奖",IF(ISNUMBER(SEARCH(I90,L90)),"命中","未命中"))) | N90: =IFERROR(VLOOKUP(VLOOKUP($B90-1,开奖记录!$A:$L,11,FALSE),八肖参数!$A:$B,2,FALSE),"") | O90: =IF(N90="","",IF(I90="","待开奖",IF(ISNUMBER(SEARCH(I90,N90)),"命中","未命中")))
A91: 90 | B91: 2026090 | C91: 羊36 | F91: =IF(COUNTA(D91:E91)=0,"",N(D91)-N(E91)) | G91: =IFERROR(VLOOKUP($B91,'开奖记录'!$A:$K,2,FALSE),"") | H91: =IFERROR(VLOOKUP($B91,'开奖记录'!$A:$K,9,FALSE),"") | I91: =IFERROR(VLOOKUP($B91,'开奖记录'!$A:$K,11,FALSE),"") | J91: =IF($B91="","",IF(ISNUMBER($D91),"命中",IF(ISNUMBER($E91),"未命中",""))) | L91: =IFERROR(TEXT(VLOOKUP($B91-1,开奖记录!$A:$L,3,FALSE),"00")&"+5="&VLOOKUP(MOD(VLOOKUP($B91-1,开奖记录!$A:$L,3,FALSE)+4,49)+1,规律参数!$A:$C,3,FALSE),"") | M91: =IF(L91="","",IF(I91="","待开奖",IF(ISNUMBER(SEARCH(I91,L91)),"命中","未命中"))) | N91: =IFERROR(VLOOKUP(VLOOKUP($B91-1,开奖记录!$A:$L,11,FALSE),八肖参数!$A:$B,2,FALSE),"") | O91: =IF(N91="","",IF(I91="","待开奖",IF(ISNUMBER(SEARCH(I91,N91)),"命中","未命中")))
A92: 91 | B92: 2026091 | C92: 马 37 | F92: =IF(COUNTA(D92:E92)=0,"",N(D92)-N(E92)) | G92: =IFERROR(VLOOKUP($B92,'开奖记录'!$A:$K,2,FALSE),"") | H92: =IFERROR(VLOOKUP($B92,'开奖记录'!$A:$K,9,FALSE),"") | I92: =IFERROR(VLOOKUP($B92,'开奖记录'!$A:$K,11,FALSE),"") | J92: =IF($B92="","",IF(ISNUMBER($D92),"命中",IF(ISNUMBER($E92),"未命中",""))) | L92: =IFERROR(TEXT(VLOOKUP($B92-1,开奖记录!$A:$L,3,FALSE),"00")&"+5="&VLOOKUP(MOD(VLOOKUP($B92-1,开奖记录!$A:$L,3,FALSE)+4,49)+1,规律参数!$A:$C,3,FALSE),"") | M92: =IF(L92="","",IF(I92="","待开奖",IF(ISNUMBER(SEARCH(I92,L92)),"命中","未命中"))) | N92: =IFERROR(VLOOKUP(VLOOKUP($B92-1,开奖记录!$A:$L,11,FALSE),八肖参数!$A:$B,2,FALSE),"") | O92: =IF(N92="","",IF(I92="","待开奖",IF(ISNUMBER(SEARCH(I92,N92)),"命中","未命中")))
A93: 92 | B93: 2026092 | C93: 牛06 | F93: =IF(COUNTA(D93:E93)=0,"",N(D93)-N(E93)) | G93: =IFERROR(VLOOKUP($B93,'开奖记录'!$A:$K,2,FALSE),"") | H93: =IFERROR(VLOOKUP($B93,'开奖记录'!$A:$K,9,FALSE),"") | I93: =IFERROR(VLOOKUP($B93,'开奖记录'!$A:$K,11,FALSE),"") | J93: =IF($B93="","",IF(ISNUMBER($D93),"命中",IF(ISNUMBER($E93),"未命中",""))) | L93: =IFERROR(TEXT(VLOOKUP($B93-1,开奖记录!$A:$L,3,FALSE),"00")&"+5="&VLOOKUP(MOD(VLOOKUP($B93-1,开奖记录!$A:$L,3,FALSE)+4,49)+1,规律参数!$A:$C,3,FALSE),"") | M93: =IF(L93="","",IF(I93="","待开奖",IF(ISNUMBER(SEARCH(I93,L93)),"命中","未命中"))) | N93: =IFERROR(VLOOKUP(VLOOKUP($B93-1,开奖记录!$A:$L,11,FALSE),八肖参数!$A:$B,2,FALSE),"") | O93: =IF(N93="","",IF(I93="","待开奖",IF(ISNUMBER(SEARCH(I93,N93)),"命中","未命中")))
A94: 93 | B94: 2026093 | C94: 兔40 | F94: =IF(COUNTA(D94:E94)=0,"",N(D94)-N(E94)) | G94: =IFERROR(VLOOKUP($B94,'开奖记录'!$A:$K,2,FALSE),"") | H94: =IFERROR(VLOOKUP($B94,'开奖记录'!$A:$K,9,FALSE),"") | I94: =IFERROR(VLOOKUP($B94,'开奖记录'!$A:$K,11,FALSE),"") | J94: =IF($B94="","",IF(ISNUMBER($D94),"命中",IF(ISNUMBER($E94),"未命中",""))) | L94: =IFERROR(TEXT(VLOOKUP($B94-1,开奖记录!$A:$L,3,FALSE),"00")&"+5="&VLOOKUP(MOD(VLOOKUP($B94-1,开奖记录!$A:$L,3,FALSE)+4,49)+1,规律参数!$A:$C,3,FALSE),"") | M94: =IF(L94="","",IF(I94="","待开奖",IF(ISNUMBER(SEARCH(I94,L94)),"命中","未命中"))) | N94: =IFERROR(VLOOKUP(VLOOKUP($B94-1,开奖记录!$A:$L,11,FALSE),八肖参数!$A:$B,2,FALSE),"") | O94: =IF(N94="","",IF(I94="","待开奖",IF(ISNUMBER(SEARCH(I94,N94)),"命中","未命中")))
A95: 94 | B95: 2026094 | C95: 虎17 | F95: =IF(COUNTA(D95:E95)=0,"",N(D95)-N(E95)) | G95: =IFERROR(VLOOKUP($B95,'开奖记录'!$A:$K,2,FALSE),"") | H95: =IFERROR(VLOOKUP($B95,'开奖记录'!$A:$K,9,FALSE),"") | I95: =IFERROR(VLOOKUP($B95,'开奖记录'!$A:$K,11,FALSE),"") | J95: =IF($B95="","",IF(ISNUMBER($D95),"命中",IF(ISNUMBER($E95),"未命中",""))) | L95: =IFERROR(TEXT(VLOOKUP($B95-1,开奖记录!$A:$L,3,FALSE),"00")&"+5="&VLOOKUP(MOD(VLOOKUP($B95-1,开奖记录!$A:$L,3,FALSE)+4,49)+1,规律参数!$A:$C,3,FALSE),"") | M95: =IF(L95="","",IF(I95="","待开奖",IF(ISNUMBER(SEARCH(I95,L95)),"命中","未命中"))) | N95: =IFERROR(VLOOKUP(VLOOKUP($B95-1,开奖记录!$A:$L,11,FALSE),八肖参数!$A:$B,2,FALSE),"") | O95: =IF(N95="","",IF(I95="","待开奖",IF(ISNUMBER(SEARCH(I95,N95)),"命中","未命中")))
... A106: 105 | B106: 2026105 | C106: 兔28 | F106: =IF(COUNTA(D106:E106)=0,"",N(D106)-N(E106)) | G106: =IFERROR(VLOOKUP($B106,'开奖记录'!$A:$K,2,FALSE),"") | H106: =IFERROR(VLOOKUP($B106,'开奖记录'!$A:$K,9,FALSE),"") | I106: =IFERROR(VLOOKUP($B106,'开奖记录'!$A:$K,11,FALSE),"") | J106: =IF($B106="","",IF(ISNUMBER($D106),"命中",IF(ISNUMBER($E106),"未命中",""))) | L106: =IFERROR(TEXT(VLOOKUP($B106-1,开奖记录!$A:$L,3,FALSE),"00")&"+5="&VLOOKUP(MOD(VLOOKUP($B106-1,开奖记录!$A:$L,3,FALSE)+4,49)+1,规律参数!$A:$C,3,FALSE),"") | M106: =IF(L106="","",IF(I106="","待开奖",IF(ISNUMBER(SEARCH(I106,L106)),"命中","未命中"))) | N106: =IFERROR(VLOOKUP(VLOOKUP($B106-1,开奖记录!$A:$L,11,FALSE),八肖参数!$A:$B,2,FALSE),"") | O106: =IF(N106="","",IF(I106="","待开奖",IF(ISNUMBER(SEARCH(I106,N106)),"命中","未命中")))
A107: 106 | B107: 2026106 | C107: 鸡22 | F107: =IF(COUNTA(D107:E107)=0,"",N(D107)-N(E107)) | G107: =IFERROR(VLOOKUP($B107,'开奖记录'!$A:$K,2,FALSE),"") | H107: =IFERROR(VLOOKUP($B107,'开奖记录'!$A:$K,9,FALSE),"") | I107: =IFERROR(VLOOKUP($B107,'开奖记录'!$A:$K,11,FALSE),"") | J107: =IF($B107="","",IF(ISNUMBER($D107),"命中",IF(ISNUMBER($E107),"未命中",""))) | K107: 尾反；八肖 | L107: =IFERROR(TEXT(VLOOKUP($B107-1,开奖记录!$A:$L,3,FALSE),"00")&"+5="&VLOOKUP(MOD(VLOOKUP($B107-1,开奖记录!$A:$L,3,FALSE)+4,49)+1,规律参数!$A:$C,3,FALSE),"") | M107: =IF(L107="","",IF(I107="","待开奖",IF(ISNUMBER(SEARCH(I107,L107)),"命中","未命中"))) | N107: =IFERROR(VLOOKUP(VLOOKUP($B107-1,开奖记录!$A:$L,11,FALSE),八肖参数!$A:$B,2,FALSE),"") | O107: =IF(N107="","",IF(I107="","待开奖",IF(ISNUMBER(SEARCH(I107,N107)),"命中","未命中")))
A108: 107 | B108: 2026107 | C108: 马49 | F108: =IF(COUNTA(D108:E108)=0,"",N(D108)-N(E108)) | G108: =IFERROR(VLOOKUP($B108,'开奖记录'!$A:$K,2,FALSE),"") | H108: =IFERROR(VLOOKUP($B108,'开奖记录'!$A:$K,9,FALSE),"") | I108: =IFERROR(VLOOKUP($B108,'开奖记录'!$A:$K,11,FALSE),"") | J108: =IF($B108="","",IF(ISNUMBER($D108),"命中",IF(ISNUMBER($E108),"未命中",""))) | L108: =IFERROR(TEXT(VLOOKUP($B108-1,开奖记录!$A:$L,3,FALSE),"00")&"+5="&VLOOKUP(MOD(VLOOKUP($B108-1,开奖记录!$A:$L,3,FALSE)+4,49)+1,规律参数!$A:$C,3,FALSE),"") | M108: =IF(L108="","",IF(I108="","待开奖",IF(ISNUMBER(SEARCH(I108,L108)),"命中","未命中"))) | N108: =IFERROR(VLOOKUP(VLOOKUP($B108-1,开奖记录!$A:$L,11,FALSE),八肖参数!$A:$B,2,FALSE),"") | O108: =IF(N108="","",IF(I108="","待开奖",IF(ISNUMBER(SEARCH(I108,N108)),"命中","未命中")))
A109: 108 | B109: 2026108 | C109: 狗45 | F109: =IF(COUNTA(D109:E109)=0,"",N(D109)-N(E109)) | G109: =IFERROR(VLOOKUP($B109,'开奖记录'!$A:$K,2,FALSE),"") | H109: =IFERROR(VLOOKUP($B109,'开奖记录'!$A:$K,9,FALSE),"") | I109: =IFERROR(VLOOKUP($B109,'开奖记录'!$A:$K,11,FALSE),"") | J109: =IF($B109="","",IF(ISNUMBER($D109),"命中",IF(ISNUMBER($E109),"未命中",""))) | L109: =IFERROR(TEXT(VLOOKUP($B109-1,开奖记录!$A:$L,3,FALSE),"00")&"+5="&VLOOKUP(MOD(VLOOKUP($B109-1,开奖记录!$A:$L,3,FALSE)+4,49)+1,规律参数!$A:$C,3,FALSE),"") | M109: =IF(L109="","",IF(I109="","待开奖",IF(ISNUMBER(SEARCH(I109,L109)),"命中","未命中"))) | N109: =IFERROR(VLOOKUP(VLOOKUP($B109-1,开奖记录!$A:$L,11,FALSE),八肖参数!$A:$B,2,FALSE),"") | O109: =IF(N109="","",IF(I109="","待开奖",IF(ISNUMBER(SEARCH(I109,N109)),"命中","未命中")))
A110: 109 | B110: 2026109 | C110: 兔16 | F110: =IF(COUNTA(D110:E110)=0,"",N(D110)-N(E110)) | G110: =IFERROR(VLOOKUP($B110,'开奖记录'!$A:$K,2,FALSE),"") | H110: =IFERROR(VLOOKUP($B110,'开奖记录'!$A:$K,9,FALSE),"") | I110: =IFERROR(VLOOKUP($B110,'开奖记录'!$A:$K,11,FALSE),"") | J110: =IF($B110="","",IF(ISNUMBER($D110),"命中",IF(ISNUMBER($E110),"未命中",""))) | L110: =IFERROR(TEXT(VLOOKUP($B110-1,开奖记录!$A:$L,3,FALSE),"00")&"+5="&VLOOKUP(MOD(VLOOKUP($B110-1,开奖记录!$A:$L,3,FALSE)+4,49)+1,规律参数!$A:$C,3,FALSE),"") | M110: =IF(L110="","",IF(I110="","待开奖",IF(ISNUMBER(SEARCH(I110,L110)),"命中","未命中"))) | N110: =IFERROR(VLOOKUP(VLOOKUP($B110-1,开奖记录!$A:$L,11,FALSE),八肖参数!$A:$B,2,FALSE),"") | O110: =IF(N110="","",IF(I110="","待开奖",IF(ISNUMBER(SEARCH(I110,N110)),"命中","未命中")))
...

Sheet 全年加5验算
A1: 期号 | B1: 上期第1平码 | C1: 加5后号码 | D1: 加5后生肖 | E1: 建议4肖 | F1: 本期特玛 | G1: 本期特玛生肖 | H1: 验算结果 | I1: 规律说明
A2: =IFERROR(LARGE(开奖记录!$A$2:$A$400,1),"") | B2: =IF($A2="","",IFERROR(VLOOKUP($A2-1,开奖记录!$A:$L,3,FALSE),"")) | C2: =IF(B2="","",MOD(B2+4,49)+1) | D2: =IF(C2="","",IFERROR(VLOOKUP(C2,规律参数!$A:$C,2,FALSE),"")) | E2: =IF(C2="","",IFERROR(VLOOKUP(C2,规律参数!$A:$C,3,FALSE),"")) | F2: =IF($A2="","",IFERROR(VLOOKUP($A2,开奖记录!$A:$L,9,FALSE),"")) | G2: =IF($A2="","",IFERROR(VLOOKUP($A2,开奖记录!$A:$L,11,FALSE),"")) | H2: =IF(A2="","",IF(B2="","缺上期数据",IF(G2="","待开奖",IF(ISNUMBER(SEARCH(G2,E2)),"命中","未命中")))) | I2: =IF(B2="","",TEXT(B2,"00")&"+5="&E2)
A3: =IFERROR(LARGE(开奖记录!$A$2:$A$400,2),"") | B3: =IF($A3="","",IFERROR(VLOOKUP($A3-1,开奖记录!$A:$L,3,FALSE),"")) | C3: =IF(B3="","",MOD(B3+4,49)+1) | D3: =IF(C3="","",IFERROR(VLOOKUP(C3,规律参数!$A:$C,2,FALSE),"")) | E3: =IF(C3="","",IFERROR(VLOOKUP(C3,规律参数!$A:$C,3,FALSE),"")) | F3: =IF($A3="","",IFERROR(VLOOKUP($A3,开奖记录!$A:$L,9,FALSE),"")) | G3: =IF($A3="","",IFERROR(VLOOKUP($A3,开奖记录!$A:$L,11,FALSE),"")) | H3: =IF(A3="","",IF(B3="","缺上期数据",IF(G3="","待开奖",IF(ISNUMBER(SEARCH(G3,E3)),"命中","未命中")))) | I3: =IF(B3="","",TEXT(B3,"00")&"+5="&E3)
